year,month,day,SOI,SAM,PDO,NPGO,ENSO
1957,1,1,0.6,-0.87,-1.31,-1.27,-0.2
1957,2,1,-0.1,-2.27,-1.57,-1.96,0.1
1957,3,1,0.2,0.07,-0.83,-1.34,0.4
1957,4,1,0.2,-1.97,-0.81,-1.26,0.7
1957,5,1,-0.7,-2.5,-0.02,-1.04,0.9
1957,6,1,0.2,-0.87,1.53,-1.17,1.1
1957,7,1,0.2,1,0.59,-0.76,1.3
1957,8,1,-0.5,-1.73,0.34,-0.91,1.3
1957,9,1,-0.9,0.72,1.84,-0.92,1.3
1957,10,1,0,-3.12,1.72,-1.03,1.4
1957,11,1,-1,-5.42,1.54,-1.41,1.5
1957,12,1,-0.3,-2.63,0.46,-0.72,1.7
1958,1,1,-1.9,0.04,0.83,0.12,1.8
1958,2,1,-0.5,-2.84,0.94,0.15,1.7
1958,3,1,0.3,-2.52,0.62,-1.15,1.3
1958,4,1,0.4,-0.3,0.56,-0.72,0.9
1958,5,1,-0.5,-2.72,1.46,-0.85,0.7
1958,6,1,0.3,-0.97,1.82,-0.72,0.6
1958,7,1,0.4,-1.65,0.61,-0.87,0.6
1958,8,1,0.9,0.97,1.06,-0.63,0.4
1958,9,1,-0.3,1.9,0.77,-0.2,0.4
1958,10,1,0.1,-0.16,0.28,-0.51,0.4
1958,11,1,-0.4,0.3,0.28,-0.77,0.5
1958,12,1,-0.6,0.82,1.14,-0.41,0.6
1959,1,1,-0.9,1.59,1.04,0.12,0.6
1959,2,1,-1.4,-0.19,0.35,-0.59,0.6
1959,3,1,1.3,-0.54,-0.14,-0.39,0.5
1959,4,1,0.4,-1.25,-0.16,-0.45,0.3
1959,5,1,0.5,-0.32,-0.13,-0.44,0.2
1959,6,1,-0.1,-1.12,0.23,-0.37,-0.1
1959,7,1,-0.3,0.18,-0.42,-0.4,-0.2
1959,8,1,-0.1,-1.64,-0.31,-0.5,-0.3
1959,9,1,0,2.46,-0.53,0.07,-0.1
1959,10,1,0.5,-0.46,0.96,0.13,0
1959,11,1,0.9,3.28,1.38,-0.05,0
1959,12,1,0.9,-0.38,1.02,0.42,0
1960,1,1,0.1,0.9,0.24,1.02,-0.1
1960,2,1,0.1,0.85,0.61,0.82,-0.1
1960,3,1,1,3.4,0.23,0.86,-0.1
1960,4,1,0.8,-0.35,0.21,0.79,0
1960,5,1,0.5,-0.6,0.35,0.92,0
1960,6,1,0.1,-0.17,1.2,0.31,0
1960,7,1,0.5,0.31,-0.42,0.71,0.1
1960,8,1,0.8,0.43,-0.31,0.44,0.2
1960,9,1,0.7,1.41,-0.96,0.52,0.3
1960,10,1,0.1,-1.17,-0.34,0.49,0.2
1960,11,1,0.5,1.18,-0.34,0.95,0.1
1960,12,1,0.8,1.36,0,1.14,0.1
1961,1,1,-0.3,0.91,0.89,1.1,0
1961,2,1,0.9,-4,0.92,1.36,0
1961,3,1,-1.8,-0.4,0.64,1.75,0
1961,4,1,0.8,-0.14,0.28,0.96,0.1
1961,5,1,0.3,1.12,-0.54,1.4,0.2
1961,6,1,0.1,-0.4,-0.7,1.2,0.3
1961,7,1,0.2,0.98,-1.23,1.06,0.1
1961,8,1,0.2,1.1,-0.87,1.07,-0.1
1961,9,1,0.1,-1.21,-1.34,0.77,-0.3
1961,10,1,-0.3,1.64,-1.78,0.35,-0.3
1961,11,1,0.5,1.52,-1.43,0.22,-0.2
1961,12,1,1.5,2.32,-1.73,0.4,-0.2
1962,1,1,2,2.34,-1,0.17,-0.2
1962,2,1,-0.3,-0.5,-0.87,-0.15,-0.2
1962,3,1,0.1,-0.66,-1.06,-0.61,-0.2
1962,4,1,0.2,1.65,-0.95,-0.47,-0.3
1962,5,1,1.1,-0.66,-1.3,-0.74,-0.3
1962,6,1,0.7,-3.41,-1.71,-0.3,-0.2
1962,7,1,0.1,0.33,-1.83,-0.06,0
1962,8,1,0.6,-0.2,-0.66,-0.37,-0.1
1962,9,1,0.4,-0.15,-1.47,0.33,-0.1
1962,10,1,1,-0.36,-1.76,0.16,-0.2
1962,11,1,0.3,-2.25,-0.38,0.45,-0.3
1962,12,1,0.2,1.35,-0.23,0.47,-0.4
1963,1,1,1,3.26,0.12,-0.81,-0.4
1963,2,1,0.6,1.41,0.15,-0.28,-0.2
1963,3,1,1.1,2.03,-0.28,-1.1,0.2
1963,4,1,0.8,1.41,-0.27,-0.81,0.3
1963,5,1,0.4,-1.09,-1.26,-0.43,0.3
1963,6,1,-0.5,1.82,-0.6,-0.72,0.5
1963,7,1,-0.1,0.41,-1.11,-0.37,0.9
1963,8,1,0,-5.03,-1.01,-0.13,1.1
1963,9,1,-0.6,-1.59,1.08,0.12,1.2
1963,10,1,-1.2,2.05,0.34,0.51,1.3
1963,11,1,-0.8,1.02,-0.5,0.66,1.4
1963,12,1,-1.2,-0.04,0.45,0.54,1.3
1964,1,1,-0.4,-3.29,0.34,1.07,1.1
1964,2,1,0,-1,0.21,0.29,0.6
1964,3,1,1.1,-1.52,-0.71,0.35,0.1
1964,4,1,1.1,0.63,-1.27,0.25,-0.3
1964,5,1,0.2,2.38,-2.39,0.27,-0.6
1964,6,1,0.8,-4.14,-0.86,0.88,-0.6
1964,7,1,0.6,-6.15,-1.08,1.6,-0.6
1964,8,1,1.5,-2.26,-1.6,0.78,-0.7
1964,9,1,1.3,1.61,-1.35,0.91,-0.8
1964,10,1,1.3,0.34,-0.64,0.71,-0.8
1964,11,1,0.2,-3.34,-0.68,0.07,-0.8
1964,12,1,-0.3,-1.49,-0.62,-0.68,-0.8
1965,1,1,-0.4,-0.46,-0.95,-0.61,-0.6
1965,2,1,0.4,-7.65,-0.61,-0.84,-0.3
1965,3,1,0.8,-1.58,-0.17,-0.94,-0.1
1965,4,1,-0.5,-0.49,-0.01,-0.88,0.2
1965,5,1,0.2,-2.08,-0.66,-1.16,0.5
1965,6,1,-0.6,1.89,-0.76,-0.83,0.8
1965,7,1,-1.8,0.08,-0.74,-0.69,1.2
1965,8,1,-0.7,0.08,0.32,-0.44,1.5
1965,9,1,-1.3,0.22,0.83,-0.86,1.9
1965,10,1,-0.9,1.91,0.3,-0.68,2
1965,11,1,-1.5,1.71,0.47,-0.92,2
1965,12,1,0.2,-1.48,0.25,-1.19,1.7
1966,1,1,-1.3,0.59,-0.67,-0.32,1.4
1966,2,1,-0.2,-2.94,-0.43,-1.11,1.2
1966,3,1,-0.9,-2.81,-1,-0.6,1
1966,4,1,-0.2,-0.49,-0.37,-1.37,0.7
1966,5,1,-0.4,-1.66,-0.76,-1.68,0.4
1966,6,1,0.3,0.53,0.1,-1.26,0.2
1966,7,1,0.1,-1.65,0.01,-1.11,0.2
1966,8,1,0.6,3.66,-0.29,-0.98,0.1
1966,9,1,-0.2,0.43,-0.35,-0.75,-0.1
1966,10,1,-0.1,1.3,-0.6,-0.8,-0.1
1966,11,1,0,-1.81,-0.71,-0.94,-0.2
1966,12,1,-0.3,-0.67,-0.21,-0.54,-0.3
1967,1,1,1.7,-3.42,-0.24,-0.74,-0.4
1967,2,1,1.7,-4.22,-0.25,-0.61,-0.5
1967,3,1,1.2,1.09,-0.8,-1.12,-0.5
1967,4,1,0,-0.11,-1.13,-0.89,-0.4
1967,5,1,0,-0.39,-1.54,-1,-0.2
1967,6,1,0.6,2.62,-1.2,-1.25,0
1967,7,1,0.2,1.22,-1.21,-1.17,0
1967,8,1,0.7,1.01,-1.55,-0.75,-0.2
1967,9,1,0.5,1.21,-0.6,-0.05,-0.3
1967,10,1,0.1,0.64,-0.06,0.01,-0.4
1967,11,1,-0.4,-2.17,0.36,-0.59,-0.3
1967,12,1,-0.6,-0.48,-0.68,-0.23,-0.4
1968,1,1,0.5,-0.07,-0.65,-0.77,-0.6
1968,2,1,1.3,-1.82,-0.19,-0.63,-0.7
1968,3,1,0.1,-0.9,0.08,-0.63,-0.6
1968,4,1,0,-2.72,-0.69,-1.16,-0.4
1968,5,1,1.2,-2.23,-0.79,-1.26,0
1968,6,1,1.1,-0.13,0.14,-1.04,0.3
1968,7,1,0.7,1.6,0.44,-1.02,0.6
1968,8,1,0.3,0.25,-0.01,-0.96,0.5
1968,9,1,-0.3,-0.36,0.26,-0.91,0.4
1968,10,1,-0.1,-3.15,-0.18,-0.74,0.5
1968,11,1,-0.3,-3.36,0.03,-0.23,0.7
1968,12,1,0.2,-0.51,-0.29,-0.87,1
1969,1,1,-1.5,-4.13,-0.71,-2.56,1.1
1969,2,1,-0.5,-3.14,-1.22,-0.74,1.1
1969,3,1,0.4,-0.96,-1.21,-0.73,0.9
1969,4,1,-0.4,-2.36,-1.07,-0.18,0.8
1969,5,1,-0.2,1.39,-1.06,-0.09,0.6
1969,6,1,0.2,-0.88,0.84,-0.78,0.4
1969,7,1,-0.5,1.81,-0.37,-0.73,0.4
1969,8,1,-0.1,2.1,-0.92,-0.23,0.5
1969,9,1,-1,0.58,-1.07,0.02,0.8
1969,10,1,-0.9,-0.35,0.95,0.29,0.9
1969,11,1,-0.1,1.52,0.58,-0.04,0.8
1969,12,1,0.4,-0.41,1.13,1.13,0.6
1970,1,1,-1.1,0.76,1.06,-0.19,0.5
1970,2,1,-1,1.27,1.01,-0.32,0.3
1970,3,1,0.6,-2.26,1.2,-0.41,0.3
1970,4,1,-0.1,-1.57,0.31,-0.22,0.2
1970,5,1,0.4,0.24,-0.89,0.48,0
1970,6,1,1,0.72,-0.12,0.37,-0.3
1970,7,1,-0.4,-1.22,-0.92,0.27,-0.6
1970,8,1,0.6,1.63,-1.79,0.41,-0.8
1970,9,1,1.2,-2.02,-1.68,0.4,-0.8
1970,10,1,1,-2.19,-1.2,0.23,-0.7
1970,11,1,1.6,0.45,-0.92,-0.21,-0.9
1970,12,1,1.9,-0.72,-0.91,-0.07,-1.1
1971,1,1,0.4,-0.36,-1.34,-0.2,-1.4
1971,2,1,2,0.16,-1.45,0.06,-1.4
1971,3,1,2.3,2.02,-1.55,0.45,-1.1
1971,4,1,1.7,-1.24,-1.7,0.85,-0.8
1971,5,1,0.9,-2.48,-1.75,0.49,-0.7
1971,6,1,0.4,1.31,-1.86,0.41,-0.7
1971,7,1,0.2,0.68,-2.25,0.79,-0.8
1971,8,1,1.5,-0.78,-0.32,0.71,-0.8
1971,9,1,1.4,-1.83,-0.17,0.53,-0.8
1971,10,1,1.7,-2.23,-0.35,0.33,-0.9
1971,11,1,0.5,-0.5,-1.28,0.18,-1
1971,12,1,0.3,-1.57,-1.77,-0.03,-0.9
1972,1,1,0.5,-1.44,-2.12,-0.53,-0.7
1972,2,1,1.1,-0.36,-1.95,-0.41,-0.4
1972,3,1,0.6,-2.05,-1.53,-0.69,0.1
1972,4,1,-0.1,-2.94,-1.7,-0.68,0.4
1972,5,1,-1.6,-0.09,-2.16,-0.75,0.7
1972,6,1,-0.5,0.42,-1.84,-0.76,0.9
1972,7,1,-1.4,-1.24,-1.48,-0.32,1.1
1972,8,1,-0.5,-1.89,-0.11,-0.43,1.4
1972,9,1,-1.4,-0.91,-0.2,-0.93,1.6
1972,10,1,-0.9,-1.48,-0.22,-1.1,1.8
1972,11,1,-0.3,1.39,-0.05,-0.56,2.1
1972,12,1,-1.3,-1.38,-0.37,-0.76,2.1
1973,1,1,-0.3,-0.94,-0.15,-0.05,1.8
1973,2,1,-1.4,1.39,-0.55,-0.5,1.2
1973,3,1,0.7,2.16,-0.88,-0.07,0.5
1973,4,1,0.1,0.36,-1.35,-0.05,-0.1
1973,5,1,0.4,-1.94,-1.59,0.25,-0.5
1973,6,1,1.1,-0.12,-1.44,0.51,-0.9
1973,7,1,0.6,2.57,-1.4,0.32,-1.1
1973,8,1,1.3,1.98,-1.56,0.17,-1.3
1973,9,1,1.2,-1.15,-1.05,0.36,-1.5
1973,10,1,0.8,-1.28,-1.36,0.35,-1.7
1973,11,1,2.6,-0.54,-1.42,-0.11,-1.9
1973,12,1,1.8,2.17,-0.89,0.34,-2
1974,1,1,2.4,1.18,-0.86,-1,-1.8
1974,2,1,2.1,1.82,-1.38,-0.39,-1.6
1974,3,1,2.4,2.81,-1.21,-0.03,-1.2
1974,4,1,0.9,0.05,-0.62,0.01,-1
1974,5,1,1,0.42,-0.72,-0.17,-0.9
1974,6,1,0.4,0.08,-0.37,0.22,-0.8
1974,7,1,1.1,-1.22,0.02,0.38,-0.5
1974,8,1,0.8,-4.02,-0.27,0.26,-0.4
1974,9,1,1.1,1.84,0.71,-0.17,-0.4
1974,10,1,0.9,-1.33,0.19,0.01,-0.6
1974,11,1,-0.1,-2.24,0.61,0.04,-0.8
1974,12,1,0.2,-2.37,0.27,0.72,-0.6
1975,1,1,-0.5,-1.68,-0.65,0.64,-0.5
1975,2,1,0.8,-1.22,-0.93,0.98,-0.6
1975,3,1,1.6,-1.23,-1.07,0.72,-0.7
1975,4,1,1.2,0.56,-1.79,0.65,-0.7
1975,5,1,0.6,-3.33,-2.08,0.72,-0.8
1975,6,1,1.3,-0.35,-1.61,0.46,-1
1975,7,1,1.9,-2.42,-0.84,0.51,-1.1
1975,8,1,2,-0.16,-1.56,1.03,-1.2
1975,9,1,2.1,1.23,-1.6,0.57,-1.4
1975,10,1,1.7,0.59,-1.59,0.96,-1.4
1975,11,1,1.2,0.11,-1.73,1.27,-1.6
1975,12,1,2.1,0.35,-1.49,1.08,-1.7
1976,1,1,1.4,-1.17,-1.08,1.08,-1.6
1976,2,1,1.7,1.02,-1.01,1.18,-1.2
1976,3,1,1.7,-0.1,-1.31,1.68,-0.7
1976,4,1,0.3,1.56,-1.38,2.44,-0.5
1976,5,1,0.4,1.75,-1.23,2.18,-0.3
1976,6,1,0.3,-0.01,-1.26,2.07,0
1976,7,1,-0.9,0.6,0.28,2.27,0.2
1976,8,1,-0.8,0.3,0.97,2.44,0.4
1976,9,1,-1.1,1.67,0.58,2.43,0.6
1976,10,1,0.4,1.19,1.12,1.69,0.8
1976,11,1,0.7,-2.88,1.33,1.57,0.9
1976,12,1,-0.3,-5.07,1.2,1.33,0.8
1977,1,1,-0.4,-3.22,1.24,1.32,0.7
1977,2,1,1.2,0.04,1.51,1.93,0.6
1977,3,1,-0.5,-1.17,0.62,1.7,0.3
1977,4,1,-0.4,-1.36,-0.25,1.4,0.2
1977,5,1,-0.5,-0.77,-0.47,1.07,0.2
1977,6,1,-0.9,-2.09,0.03,0.92,0.3
1977,7,1,-1.1,-1.82,-0.06,1.04,0.4
1977,8,1,-0.8,-0.41,-0.09,1.28,0.4
1977,9,1,-0.8,2.69,-0.64,0.77,0.6
1977,10,1,-1,0.21,-0.84,1.25,0.7
1977,11,1,-1.3,-0.2,-0.45,1.45,0.8
1977,12,1,-1.1,-0.95,-0.06,0.85,0.8
1978,1,1,-0.3,1.5,0.58,1.21,0.7
1978,2,1,-2.7,-0.24,0.78,1.24,0.4
1978,3,1,-0.2,-0.99,1.13,0.62,0.1
1978,4,1,-0.3,0.64,1.03,0.45,-0.2
1978,5,1,1.4,-0.91,0.77,0.59,-0.3
1978,6,1,0.7,0.83,0.33,0.38,-0.3
1978,7,1,0.6,-2.13,-1.62,0.43,-0.4
1978,8,1,0.4,2.94,-0.91,0.86,-0.4
1978,9,1,0.1,1.19,-0.78,1.29,-0.4
1978,10,1,-0.4,0.68,0.07,0.35,-0.3
1978,11,1,0,-0.96,-0.01,-0.26,-0.1
1978,12,1,-0.1,-0.01,-0.51,-1.12,0
1979,1,1,-0.4,0.74,-0.38,-0.51,0
1979,2,1,1,-0.9,-1.29,-0.23,0.1
1979,3,1,0.1,1.51,-0.68,-0.63,0.2
1979,4,1,-0.1,-0.49,-0.12,-1.03,0.3
1979,5,1,0.5,1.54,0.57,-0.78,0.2
1979,6,1,0.6,2.52,0.22,-0.82,0
1979,7,1,1.3,3.14,0.3,-1.15,0
1979,8,1,-0.2,1.39,0.05,-1.25,0.2
1979,9,1,0.1,-0.02,0.88,-0.78,0.3
1979,10,1,-0.1,0.54,1.1,-0.61,0.5
1979,11,1,-0.4,-1.26,0.58,-0.49,0.5
1979,12,1,-0.7,-1.88,0.06,-0.54,0.6
1980,1,1,0.4,0.01,0.06,-1.9,0.6
1980,2,1,0.3,-1.75,0.58,-1.72,0.5
1980,3,1,-0.4,-2.58,0.62,-1.15,0.3
1980,4,1,-0.6,-1.77,0.78,-0.07,0.4
1980,5,1,0,-0.51,0.64,-0.21,0.5
1980,6,1,0,3.19,-0.72,-0.68,0.5
1980,7,1,0,-1.68,-0.21,-0.99,0.3
1980,8,1,0.4,-1.68,0.08,-1.08,0
1980,9,1,-0.5,-2.56,-0.13,-0.7,-0.1
1980,10,1,0,0.45,0.99,-0.07,0
1980,11,1,-0.3,-2.09,0.71,-0.13,0.1
1980,12,1,-0.1,-0.1,0.3,-0.28,0
1981,1,1,0.4,0.84,1.18,-0.26,-0.3
1981,2,1,-0.2,1.76,1.24,-1.06,-0.5
1981,3,1,-1.3,-2.47,1.22,-0.69,-0.5
1981,4,1,-0.1,-3.52,1.07,-0.63,-0.4
1981,5,1,0.8,0.88,1.29,0.2,-0.3
1981,6,1,1.2,0.38,1.82,0.01,-0.3
1981,7,1,0.8,-1.43,0.82,-0.53,-0.3
1981,8,1,0.7,-1.99,-0.05,-0.7,-0.2
1981,9,1,0.3,-1.49,0.43,0,-0.2
1981,10,1,-0.4,-0.39,-0.09,-0.29,-0.1
1981,11,1,0.2,2.34,0.54,0.76,-0.2
1981,12,1,0.5,2.21,0.59,0.52,-0.1
1982,1,1,1.2,-0.77,0.11,-0.2,0
1982,2,1,0.3,0.7,-0.19,-0.87,0.1
1982,3,1,0.6,4.28,-0.37,-0.62,0.2
1982,4,1,0.1,2.89,-0.7,-1.07,0.5
1982,5,1,-0.3,-0.7,-1.21,-0.99,0.7
1982,6,1,-1,2.4,-0.99,-0.85,0.7
1982,7,1,-1.5,0.01,0.12,-0.61,0.8
1982,8,1,-1.7,1,-0.08,-0.46,1.1
1982,9,1,-1.7,1.56,0.51,-0.46,1.6
1982,10,1,-1.7,-2.14,0.15,-1.01,2
1982,11,1,-2.6,-2.32,-0.6,-0.87,2.2
1982,12,1,-2.2,-2.21,0.16,-0.23,2.2
1983,1,1,-3.5,-2.44,0.4,0.6,2.2
1983,2,1,-3.6,0.89,0.97,0.47,1.9
1983,3,1,-2.4,-0.71,1.73,0.43,1.5
1983,4,1,-0.9,-0.6,1.26,-0.72,1.3
1983,5,1,0.6,-0.68,1.01,-0.74,1.1
1983,6,1,0,0.38,1.9,-0.08,0.7
1983,7,1,-0.6,1.63,2.47,-0.05,0.3
1983,8,1,0.1,0.09,1.18,-0.01,-0.1
1983,9,1,0.9,-0.72,0.47,-0.41,-0.5
1983,10,1,0.4,2.05,0.68,-0.49,-0.8
1983,11,1,-0.1,3.79,1.19,0.56,-1
1983,12,1,0,1.52,1.72,-0.68,-0.9
1984,1,1,0.2,-1.96,1.42,-0.22,-0.6
1984,2,1,0.9,-1.74,1.23,0.4,-0.4
1984,3,1,-0.2,-0.38,1.56,0.72,-0.3
1984,4,1,0.3,-0.23,1,1.16,-0.4
1984,5,1,0.2,-0.33,0.87,0.98,-0.5
1984,6,1,-0.3,1.08,-0.13,0.74,-0.4
1984,7,1,0.2,-0.21,-0.35,0.42,-0.3
1984,8,1,0.4,-2.33,0.01,0.37,-0.2
1984,9,1,0.1,-0.16,0.18,0.82,-0.2
1984,10,1,-0.3,1.06,0.43,0.94,-0.6
1984,11,1,0.3,0.34,0.54,0.86,-0.9
1984,12,1,-0.1,-3.22,0.48,0.25,-1.1
1985,1,1,-0.3,-2.38,0.87,0.32,-1
1985,2,1,1.2,-0.02,0.48,-0.06,-0.8
1985,3,1,0.8,-0.08,-0.34,0.23,-0.8
1985,4,1,1.2,0.95,-0.52,0.32,-0.8
1985,5,1,0.4,0.38,-0.87,0.16,-0.8
1985,6,1,-0.4,-2.49,0.04,-0.04,-0.6
1985,7,1,-0.1,2.64,0.52,0.18,-0.5
1985,8,1,1,1.26,0.19,-0.23,-0.5
1985,9,1,0,1.07,0.13,-0.94,-0.4
1985,10,1,-0.4,0.57,0.14,-1.18,-0.3
1985,11,1,-0.2,2.28,-0.65,-1.79,-0.3
1985,12,1,0.2,1.9,0.33,-1.68,-0.4
1986,1,1,1,0.37,1.04,-0.77,-0.5
1986,2,1,-1,-4.89,1.47,-1.45,-0.5
1986,3,1,0.5,-1.26,1.68,-0.47,-0.3
1986,4,1,0.3,-0.57,1.21,-0.97,-0.2
1986,5,1,-0.2,-2.19,0.85,-0.5,-0.1
1986,6,1,1,-0.95,0.62,-0.67,0
1986,7,1,0.3,-0.02,1.05,-0.94,0.2
1986,8,1,-0.4,1.68,-0.19,-1.02,0.4
1986,9,1,-0.5,2.72,-0.03,-0.77,0.7
1986,10,1,0.6,-0.38,1,-0.29,0.9
1986,11,1,-1.2,0.5,1.68,-0.5,1.1
1986,12,1,-1.4,1.31,1.71,-0.46,1.2
1987,1,1,-0.7,-2.51,1.47,0.69,1.2
1987,2,1,-1.2,-2.49,1.46,0.77,1.2
1987,3,1,-1.3,-1.11,1.35,0.29,1.1
1987,4,1,-1.4,-0.17,1.38,0.47,0.9
1987,5,1,-1.3,-0.34,0.82,0.27,1
1987,6,1,-1.1,0.18,0.05,0.39,1.2
1987,7,1,-1.4,-0.26,1.38,0.43,1.5
1987,8,1,-0.9,1.79,1.74,0.34,1.7
1987,9,1,-1,-0.72,1.44,0.17,1.6
1987,10,1,-0.4,0.78,0.68,0.12,1.5
1987,11,1,0,1.77,0.93,0.52,1.3
1987,12,1,-0.5,0.3,0.94,0.69,1.1
1988,1,1,-0.1,0.13,0.23,1.11,0.8
1988,2,1,-0.4,0.12,0.47,0.8,0.5
1988,3,1,0.6,-2.01,0.49,0.97,0.1
1988,4,1,0.1,2.11,0.34,1.57,-0.3
1988,5,1,0.9,-2.03,0.37,1.78,-0.9
1988,6,1,0.1,-3.06,0.21,1.74,-1.3
1988,7,1,1,0.64,-0.15,1.72,-1.3
1988,8,1,1.5,-2,-0.88,1.39,-1.1
1988,9,1,1.8,-2.7,-0.98,1.32,-1.2
1988,10,1,1.4,-6.03,-0.36,1.49,-1.5
1988,11,1,1.7,1.77,-0.06,1.24,-1.8
1988,12,1,1.2,1.88,-0.14,0.76,-1.8
1989,1,1,1.5,-0.02,-1.24,1.31,-1.7
1989,2,1,1.2,1.14,-1.45,0.66,-1.4
1989,3,1,1.1,0.2,-1.24,0.93,-1.1
1989,4,1,1.6,0,-0.32,0.78,-0.8
1989,5,1,1.2,3.73,-0.09,0.58,-0.6
1989,6,1,0.7,2.91,0.11,0.52,-0.4
1989,7,1,0.9,0.88,0.56,1.26,-0.3
1989,8,1,-0.3,-1.21,-0.44,0.67,-0.3
1989,9,1,0.5,-0.23,-0.57,0.65,-0.2
1989,10,1,0.8,-0.16,-0.51,0.44,-0.2
1989,11,1,-0.2,0.69,-0.76,-0.3,-0.2
1989,12,1,-0.5,-0.05,-0.1,-0.17,-0.1
1990,1,1,-0.1,-0.23,-0.42,0.27,0.1
1990,2,1,-1.8,1.95,-1.28,-0.28,0.2
1990,3,1,-0.4,0.8,-1.24,0.65,0.3
1990,4,1,0.2,-3.34,-0.15,0.24,0.3
1990,5,1,1.2,-3.35,-0.32,-0.1,0.3
1990,6,1,0.3,-0.28,-0.25,-0.07,0.3
1990,7,1,0.5,-1.82,-0.31,-0.26,0.3
1990,8,1,-0.2,0.12,-0.43,-0.33,0.4
1990,9,1,-0.7,2.08,-0.26,-0.16,0.4
1990,10,1,0.3,-0.06,-1.16,-0.12,0.3
1990,11,1,-0.5,0.29,-1.88,-0.74,0.4
1990,12,1,-0.2,-0.2,-2.22,-1.53,0.4
1991,1,1,0.6,1.5,-1.8,-0.74,0.4
1991,2,1,0.3,-1.69,-1.09,-0.3,0.3
1991,3,1,-0.7,1.07,-1.11,-0.81,0.2
1991,4,1,-0.6,-1.36,-1.63,-0.21,0.3
1991,5,1,-1,1.02,-1.65,-0.06,0.5
1991,6,1,-0.1,1.04,-2.25,-0.39,0.6
1991,7,1,0,-1.56,-1.57,-0.48,0.7
1991,8,1,-0.4,-0.57,-0.58,-0.57,0.6
1991,9,1,-1.5,-2.52,0.37,-0.95,0.6
1991,10,1,-1,1.3,0.41,-1.09,0.8
1991,11,1,-0.7,-0.84,0.56,-0.17,1.2
1991,12,1,-1.8,-1.23,-0.21,-0.21,1.5
1992,1,1,-2.9,0.17,0.08,0.49,1.7
1992,2,1,-0.9,-1.89,0.17,-0.46,1.6
1992,3,1,-2,-1.1,0.12,-0.82,1.5
1992,4,1,-1,0.53,0.55,-1.43,1.3
1992,5,1,0.3,-2.19,1.26,-1.8,1.1
1992,6,1,-0.6,-3.13,1.22,-1.35,0.7
1992,7,1,-0.6,-0.8,1.5,-1.46,0.4
1992,8,1,0.4,-0.4,0.85,-1.25,0.1
1992,9,1,0.1,1.06,0.45,-0.95,-0.1
1992,10,1,-1.4,0.7,1.28,-0.97,-0.2
1992,11,1,-0.7,1.49,1.31,-1.28,-0.3
1992,12,1,-0.6,0.58,0.33,-1.87,-0.1
1993,1,1,-0.9,-2.17,-0.28,-2.82,0.1
1993,2,1,-0.7,0.77,0.02,-2.14,0.3
1993,3,1,-0.5,-0.1,0.24,-1.74,0.5
1993,4,1,-1.2,1.8,1,-0.76,0.7
1993,5,1,-0.3,2.1,1.79,-1.09,0.7
1993,6,1,-0.8,0.4,2.05,-1.68,0.6
1993,7,1,-0.8,2.82,1.48,-1.68,0.3
1993,8,1,-0.9,2.69,1.96,-1.51,0.3
1993,9,1,-0.7,1.14,1.15,-2.05,0.2
1993,10,1,-1.1,1.21,1.31,-2.35,0.1
1993,11,1,-0.1,1.48,1.13,-3,0
1993,12,1,0.2,1.38,0.67,-2,0.1
1994,1,1,-0.1,0.53,0.85,-1.85,0.1
1994,2,1,0.3,2.72,0.33,-1.98,0.1
1994,3,1,-0.7,1.59,0.27,-1.86,0.2
1994,4,1,-1.3,-0.75,0.49,-1.45,0.3
1994,5,1,-0.7,-1.5,0.55,-0.3,0.4
1994,6,1,-0.4,-2.33,0.1,-0.61,0.4
1994,7,1,-1.3,-0.15,-0.91,-0.71,0.4
1994,8,1,-1.2,1.53,-0.88,-0.86,0.4
1994,9,1,-1.6,-1.22,-1.51,-1.1,0.6
1994,10,1,-1.1,-0.47,-1.06,-1.11,0.7
1994,11,1,-0.6,-2.43,-1.93,-1.69,1
1994,12,1,-1.2,1.91,-2.22,-1.02,1.1
1995,1,1,-0.4,2.89,-0.86,-0.5,1
1995,2,1,-0.1,0.31,0.02,-1.56,0.7
1995,3,1,0.8,-1.12,0.46,-2.05,0.5
1995,4,1,-0.7,0.74,0.49,-1.82,0.3
1995,5,1,-0.4,2.64,0.89,-1.5,0.1
1995,6,1,0.1,-0.79,1.03,-1.05,0
1995,7,1,0.4,-4.26,1,-1.5,-0.2
1995,8,1,0.3,-0.51,-0.11,-1.01,-0.5
1995,9,1,0.3,3.09,1.22,-0.89,-0.8
1995,10,1,0,-0.69,0.64,-0.52,-1
1995,11,1,0,0.17,0.05,-0.28,-1
1995,12,1,-0.5,1.93,0.44,0.22,-1
1996,1,1,1,0.55,1.01,-0.64,-0.9
1996,2,1,0.3,-1.74,1.01,-1.05,-0.8
1996,3,1,1.1,1.31,0.85,-1.15,-0.6
1996,4,1,0.8,-0.28,1.37,-0.44,-0.4
1996,5,1,0.3,1.9,2.13,-1.27,-0.3
1996,6,1,1.2,-1.4,1.1,-1.06,-0.3
1996,7,1,0.7,0.22,0.57,-0.88,-0.3
1996,8,1,0.7,-2.46,-0.66,-0.75,-0.3
1996,9,1,0.6,-3.5,0.07,-0.93,-0.4
1996,10,1,0.6,2.79,0.4,-1.04,-0.4
1996,11,1,-0.1,-2.36,0.38,-1.1,-0.4
1996,12,1,0.9,0.03,-0.03,-1.35,-0.5
1997,1,1,0.5,2.37,0.44,-1.64,-0.5
1997,2,1,1.7,0.68,0.29,-1.11,-0.4
1997,3,1,-0.4,1.43,0.39,-0.62,-0.1
1997,4,1,-0.6,0.15,0.73,-0.51,0.3
1997,5,1,-1.3,1.43,1.59,-0.88,0.8
1997,6,1,-1.4,0.69,2.55,-0.94,1.2
1997,7,1,-0.8,1.82,1.49,-0.77,1.6
1997,8,1,-1.4,0.76,2.27,-0.79,1.9
1997,9,1,-1.4,0.69,1.8,-0.48,2.1
1997,10,1,-1.5,-1.78,1.78,-0.59,2.3
1997,11,1,-1.2,-3.17,1.48,0.17,2.4
1997,12,1,-1,-0.89,0.99,0.26,2.4
1998,1,1,-2.7,2.65,1.05,0.53,2.2
1998,2,1,-2,0.57,1.52,1.9,1.9
1998,3,1,-2.4,-0.05,1.29,0.89,1.4
1998,4,1,-1.4,2.89,0.03,0.52,1
1998,5,1,0.3,1.11,-0.83,0.28,0.5
1998,6,1,1,1.31,-0.78,0.12,-0.1
1998,7,1,1.2,2.13,-1.16,0.39,-0.8
1998,8,1,1.2,2.66,-0.87,0.27,-1.1
1998,9,1,1,0.74,-1.7,0.04,-1.3
1998,10,1,1.1,-0.26,-2.23,0.1,-1.4
1998,11,1,1,2.84,-0.97,0.72,-1.5
1998,12,1,1.4,2.59,-1.09,0.77,-1.6
1999,1,1,1.8,2.26,-0.78,1.08,-1.5
1999,2,1,1,0.56,-1.06,2.3,-1.3
1999,3,1,1.3,-1.39,-1.18,1.97,-1.1
1999,4,1,1.4,2.44,-1.85,1.65,-1
1999,5,1,0.2,2.51,-2.32,1.6,-1
1999,6,1,0.3,-1.81,-2.34,1.91,-1
1999,7,1,0.5,0.72,-1.87,1.38,-1.1
1999,8,1,0.4,1.44,-1.84,1.43,-1.1
1999,9,1,-0.1,0.16,-2.24,1.3,-1.2
1999,10,1,1,3.35,-2.54,1.18,-1.3
1999,11,1,1,1.83,-2.18,1.32,-1.5
1999,12,1,1.4,3.12,-1.92,1.05,-1.7
2000,1,1,0.7,3.59,-2.2,1.4,-1.7
2000,2,1,1.7,2.32,-1.28,2.12,-1.4
2000,3,1,1.3,0.74,-0.66,2.15,-1.1
2000,4,1,1.2,0.97,-0.63,2.37,-0.8
2000,5,1,0.4,1.9,-0.81,2.22,-0.7
2000,6,1,-0.2,-0.31,-0.64,2.1,-0.6
2000,7,1,-0.2,0.52,-1.51,1.66,-0.6
2000,8,1,0.7,-1.22,-1.68,1.35,-0.5
2000,9,1,0.9,-3.2,-1.45,1.38,-0.5
2000,10,1,1.1,1.21,-1.61,1.7,-0.6
2000,11,1,1.8,-1.32,-1.04,2.01,-0.7
2000,12,1,0.8,-2.05,0,2.16,-0.7
2001,1,1,1,1.43,0.48,2.86,-0.7
2001,2,1,1.7,-2.7,-0.01,2.96,-0.5
2001,3,1,0.9,-0.57,-0.41,2.39,-0.4
2001,4,1,0.2,3.49,-1.18,2.2,-0.3
2001,5,1,-0.5,-1.75,-1.12,1.95,-0.3
2001,6,1,0.3,-0.02,-1.22,2.35,-0.1
2001,7,1,-0.2,0.2,-2.21,1.5,-0.1
2001,8,1,-0.4,-0.15,-1.68,1.92,-0.1
2001,9,1,0.2,1.46,-1.98,1.89,-0.2
2001,10,1,0,1.36,-1.91,1.16,-0.3
2001,11,1,0.7,2.54,-1.25,1.76,-0.3
2001,12,1,-0.8,1.16,-1.12,2.02,-0.3
2002,1,1,0.4,2.22,-0.42,1.86,-0.1
2002,2,1,1.1,2.8,-1.51,2.18,0
2002,3,1,-0.2,-4.42,-1.27,1.9,0.1
2002,4,1,-0.1,1.6,-1.23,0.9,0.2
2002,5,1,-0.8,-1.69,-1.3,1.1,0.4
2002,6,1,-0.2,-0.43,-1.18,1.61,0.7
2002,7,1,-0.5,-0.67,-0.71,1.38,0.8
2002,8,1,-1,1.14,0.11,0.81,0.9
2002,9,1,-0.6,-2.18,-0.21,0.82,1
2002,10,1,-0.4,-5.77,-0.2,0.82,1.2
2002,11,1,-0.5,0.03,1.08,1.66,1.3
2002,12,1,-1.1,1.29,1.57,2.64,1.1
2003,1,1,-0.2,-0.52,1.45,1.97,0.9
2003,2,1,-0.7,-0.98,1.23,0.99,0.6
2003,3,1,-0.3,-0.07,1.01,1.49,0.4
2003,4,1,-0.1,2.21,0.36,1.1,0
2003,5,1,-0.3,1.04,0.21,0.92,-0.3
2003,6,1,-0.6,-2.52,-0.42,0.78,-0.2
2003,7,1,0.3,1.2,0.37,1.2,0.1
2003,8,1,0.1,2.33,0.63,0.78,0.2
2003,9,1,-0.1,-0.99,-0.17,0.87,0.3
2003,10,1,0,0.12,0.74,1.29,0.3
2003,11,1,-0.3,-0.15,-0.23,-0.11,0.4
2003,12,1,1.1,-0.69,-0.6,0.22,0.4
2004,1,1,-1.3,2.56,-0.55,0.27,0.4
2004,2,1,1.2,-3.33,-0.21,0.67,0.3
2004,3,1,0.4,0.74,-0.15,0.38,0.2
2004,4,1,-0.9,1.2,0,0.13,0.2
2004,5,1,1,-0.15,0.61,0.21,0.2
2004,6,1,-0.8,1.69,-0.11,0.78,0.3
2004,7,1,-0.5,2.52,0.04,0.41,0.5
2004,8,1,-0.3,0,0.24,0.69,0.6
2004,9,1,-0.3,1.77,0.02,0.38,0.7
2004,10,1,-0.1,-0.59,-0.72,0.04,0.7
2004,11,1,-0.7,-1.18,-1.22,-0.44,0.7
2004,12,1,-0.8,-1.02,-0.64,-0.99,0.7
2005,1,1,0.3,1.07,-0.15,-1.66,0.6
2005,2,1,-3.1,1.59,-0.01,-1.5,0.6
2005,3,1,0.3,-0.12,0.7,-1.49,0.4
2005,4,1,-0.6,3.46,0.28,-1.69,0.4
2005,5,1,-0.8,-0.45,1.36,-0.8,0.3
2005,6,1,0.4,-0.41,0.85,-1.29,0.1
2005,7,1,0.2,-0.5,0.11,-1.67,-0.1
2005,8,1,-0.3,0.5,-0.42,-1.14,-0.1
2005,9,1,0.4,0.39,-0.99,-1.58,-0.1
2005,10,1,1.2,-0.11,-2,-0.9,-0.3
2005,11,1,-0.2,0.66,-1.89,-1.67,-0.6
2005,12,1,0,-2.76,-0.1,-1.27,-0.8
2006,1,1,1.7,0.56,0.54,-0.67,-0.9
2006,2,1,0.1,-1.85,0.38,-1.08,-0.8
2006,3,1,1.8,1.66,-0.74,-0.72,-0.6
2006,4,1,1.1,-0.69,-0.54,-0.57,-0.4
2006,5,1,-0.5,2.28,-0.37,-0.13,-0.1
2006,6,1,-0.2,2.05,0.21,-0.13,0
2006,7,1,-0.6,1.61,0.39,-0.5,0.1
2006,8,1,-1,-2.64,-0.85,-0.37,0.3
2006,9,1,-0.6,-0.26,-1.54,-0.35,0.5
2006,10,1,-1.3,1.79,-0.46,-1.05,0.8
2006,11,1,0.1,0.14,-0.81,-1,0.9
2006,12,1,-0.3,1.34,-0.42,-0.16,0.9
2007,1,1,-0.8,0.03,-0.69,-0.41,0.7
2007,2,1,-0.1,2.36,-0.71,-0.13,0.2
2007,3,1,0.2,-0.77,-1.1,-0.55,-0.1
2007,4,1,-0.1,-0.33,-0.46,0.26,-0.3
2007,5,1,-0.1,-1.02,-0.29,0.69,-0.4
2007,6,1,0.5,-0.65,-0.07,1.24,-0.5
2007,7,1,-0.3,-2.67,0.43,1.23,-0.6
2007,8,1,0.4,-0.28,0.09,1.44,-0.8
2007,9,1,0.2,-1.88,-0.97,0.91,-1.1
2007,10,1,0.7,-0.86,-2.33,1.27,-1.3
2007,11,1,0.9,0.03,-1.46,0.72,-1.5
2007,12,1,1.7,2.8,-0.87,0.45,-1.6
2008,1,1,1.8,2.56,-1.5,0.55,-1.6
2008,2,1,2.6,1.09,-1.46,1.14,-1.5
2008,3,1,1.4,0.63,-1.26,1.37,-1.3
2008,4,1,0.7,-0.81,-1.79,1.4,-1
2008,5,1,-0.1,-0.66,-1.62,1.74,-0.8
2008,6,1,0.6,3,-1.85,1.28,-0.6
2008,7,1,0.3,0.23,-1.96,1.43,-0.4
2008,8,1,1,0.6,-1.85,2.14,-0.2
2008,9,1,1.2,0.46,-1.87,2.23,-0.2
2008,10,1,1.3,2.21,-1.9,1.77,-0.4
2008,11,1,1.3,1.03,-1.59,1.97,-0.6
2008,12,1,1.4,1.01,-1.31,0.46,-0.7
2009,1,1,1.1,2.02,-1.81,0.73,-0.8
2009,2,1,1.9,0.94,-1.78,0.93,-0.8
2009,3,1,0.4,0.5,-2.06,0.35,-0.6
2009,4,1,0.8,-0.43,-2.23,0.43,-0.3
2009,5,1,-0.1,-0.14,-1.32,0.57,0
2009,6,1,0.1,0.54,-0.73,0.38,0.3
2009,7,1,0.2,-0.13,-0.71,0.57,0.5
2009,8,1,-0.2,-2.44,-0.49,0.72,0.6
2009,9,1,0.3,-0.78,0.33,0.98,0.7
2009,10,1,-1.2,1.47,-0.13,1.15,1
2009,11,1,-0.6,-1.2,-0.94,1.05,1.4
2009,12,1,-0.7,1.09,-0.51,1.07,1.6
2010,1,1,-1.1,-0.4,0.05,2.04,1.5
2010,2,1,-1.5,-2.12,0.25,1.83,1.2
2010,3,1,-0.7,0.04,-0.16,1.65,0.8
2010,4,1,1.2,0.08,-0.04,1.18,0.4
2010,5,1,0.9,1.51,-0.18,1.87,-0.2
2010,6,1,0.4,3.14,-0.79,1.23,-0.7
2010,7,1,1.8,3.37,-1.99,1.15,-1
2010,8,1,1.8,1.24,-2.21,1.09,-1.3
2010,9,1,2.2,-0.33,-2.45,1.01,-1.6
2010,10,1,1.7,3.19,-1.6,1.6,-1.6
2010,11,1,1.3,3.88,-1.57,0.98,-1.6
2010,12,1,2.9,0.25,-2.04,0.77,-1.6
2011,1,1,2.3,0.48,-1.8,0.32,-1.4
2011,2,1,2.7,0.87,-1.46,0.57,-1.2
2011,3,1,2.5,-0.79,-1.28,1.21,-0.9
2011,4,1,1.9,1.62,-1.02,0.6,-0.7
2011,5,1,0.4,1.37,-0.66,1.4,-0.6
2011,6,1,0.2,0.72,-1.08,1.12,-0.4
2011,7,1,1,-1.52,-2.3,1.04,-0.5
2011,8,1,0.4,-0.73,-2.37,1.04,-0.6
2011,9,1,1,-1.79,-2.5,1.33,-0.8
2011,10,1,0.8,0.59,-1.92,1.2,-1
2011,11,1,1.1,-1.41,-2.95,0.38,-1.1
2011,12,1,2.5,3.43,-2.4,0.15,-1
2012,1,1,1.1,3.08,-1.85,0.84,-0.9
2012,2,1,0.5,-1.53,-1.35,0.86,-0.7
2012,3,1,0.7,0.48,-1.66,1.12,-0.6
2012,4,1,-0.3,2.18,-1.01,1.92,-0.5
2012,5,1,0,0.47,-2.12,1.62,-0.3
2012,6,1,-0.4,1.46,-1.63,1.94,0
2012,7,1,0,3.18,-2.4,1.86,0.2
2012,8,1,-0.2,1.34,-2.6,1.74,0.4
2012,9,1,0.2,0.09,-2.99,1.36,0.4
2012,10,1,0.3,0.83,-1.22,1.88,0.3
2012,11,1,0.3,-0.84,-0.66,1.39,0.1
2012,12,1,-0.6,-0.9,-1.31,1.21,-0.2
2013,1,1,-0.1,0.71,-1.1,1.23,-0.4
2013,2,1,-0.2,2.84,-1.42,1.22,-0.4
2013,3,1,1.5,2.31,-1.48,0.65,-0.3
2013,4,1,0.2,-0.07,-0.72,0.49,-0.3
2013,5,1,0.8,0.88,-0.4,0.86,-0.4
2013,6,1,1.2,0.23,-1.19,0.73,-0.4
2013,7,1,0.8,1.17,-1.34,0.46,-0.4
2013,8,1,0.2,-3.25,-1.56,0.57,-0.3
2013,9,1,0.3,-2.72,-1,0.39,-0.3
2013,10,1,-0.1,-1.39,-1.65,-0.14,-0.2
2013,11,1,0.7,1.07,-1.09,-0.8,-0.2
2013,12,1,0.1,0.77,-1.04,-1.44,-0.3
2014,1,1,1.4,-0.13,-0.56,-0.39,-0.4
2014,2,1,0.1,0.36,-0.42,-0.26,-0.5
2014,3,1,-0.9,1.34,0.3,-0.45,-0.3
2014,4,1,0.8,1.18,0.36,-0.61,0
2014,5,1,0.5,-1.62,1.26,0.23,0.2
2014,6,1,0.2,-0.21,-0.29,-0.42,0.2
2014,7,1,-0.2,0.68,0.24,-0.14,0
2014,8,1,-0.7,1.97,0.33,-0.55,0.1
2014,9,1,-0.7,-1.62,0.75,-0.78,0.2
2014,10,1,-0.6,1.32,1.42,0.42,0.5
2014,11,1,-0.9,0.35,1.35,0.3,0.6
2014,12,1,-0.6,2.45,1.85,-0.37,0.7
2015,1,1,-0.8,1.35,1.51,-0.57,0.5
2015,2,1,0.2,4.92,1.52,-1.29,0.5
2015,3,1,-0.7,0.88,1.34,-1.4,0.5
2015,4,1,0,2.03,0.9,-1.38,0.7
2015,5,1,-0.7,0.41,0.33,-0.72,0.9
2015,6,1,-0.6,2.41,0.82,-1.25,1.2
2015,7,1,-1.1,2,1.41,-1.47,1.5
2015,8,1,-1.4,1.86,0.98,-1.92,1.9
2015,9,1,-1.6,1.91,0.96,-2.1,2.2
2015,10,1,-1.7,-0.66,0.83,-1.31,2.4
2015,11,1,-0.5,1.46,0.16,-2.23,2.6
2015,12,1,-0.6,0.72,0.28,-1.11,2.6
2016,1,1,-2.2,3.13,0.74,0.91,2.5
2016,2,1,-2,1.35,1.3,0.22,2.1
2016,3,1,-0.1,4.36,1.58,0.46,1.6
2016,4,1,-1.2,1.06,1.73,-0.4,0.9
2016,5,1,0.4,-0.92,1.59,-0.69,0.4
2016,6,1,0.6,3.66,0.85,-0.96,-0.1
2016,7,1,0.4,0.81,0.56,-0.5,-0.4
2016,8,1,0.7,-1.28,-0.61,-0.55,-0.5
2016,9,1,1.2,2.46,-0.8,-0.78,-0.6
2016,10,1,-0.3,-0.89,-0.43,0.34,-0.7
2016,11,1,-0.1,-3.12,0.96,1.14,-0.7
2016,12,1,0.3,-1.52,0.6,-1.54,-0.6
2017,1,1,0.2,-1.12,-0.05,-0.26,-0.3
2017,2,1,-0.1,-1.09,-0.01,-0.66,-0.2
2017,3,1,0.9,-1.56,0.1,-0.89,0.1
2017,4,1,-0.2,1.65,0.57,-0.12,0.2
2017,5,1,0.3,1.82,0.45,-0.45,0.3
2017,6,1,-0.4,1.98,0.35,-0.29,0.3
2017,7,1,0.8,0.16,-0.43,-0.44,0.1
2017,8,1,0.5,0.31,-0.62,-0.53,-0.1
2017,9,1,0.6,0.42,-0.18,-0.53,-0.4
2017,10,1,0.9,-0.64,-0.68,-1.4,-0.7
2017,11,1,0.9,3.18,-0.59,-2.06,-0.8
2017,12,1,-0.1,1.44,-0.03,-2.69,-1
2018,1,1,1.1,2.72,0.4,-1.5,-0.9
2018,2,1,-0.5,1.02,-0.08,-2.23,-0.9
2018,3,1,1.5,-0.03,-0.71,-2.03,-0.7
2018,4,1,0.5,-1.66,-0.81,-2.06,-0.5
2018,5,1,0.4,0.01,-0.45,-1.92,-0.2
2018,6,1,-0.1,-1.57,-0.65,-1.94,0
2018,7,1,0.2,0.55,-0.01,-1.57,0.1
2018,8,1,-0.3,-0.78,-0.21,-2.12,0.2
2018,9,1,-0.9,1.83,-0.35,-2.32,0.5
2018,10,1,0.4,2.76,-0.57,-2.34,0.8
2018,11,1,-0.1,2.84,-0.7,-1.77,0.9
2018,12,1,1,1.44,-0.21,-1.09,0.8
2019,1,1,0,2.79,-0.33,-0.86,0.7
2019,2,1,-1.4,-1.87,-0.72,-2.56,0.7
2019,3,1,-0.3,1.47,-0.33,-1.99,0.7
2019,4,1,0.1,0.86,0.1,-2.16,0.7
2019,5,1,-0.4,-0.11,0.27,-1.86,0.5
2019,6,1,-0.5,2.21,-0.05,-2.35,0.5
2019,7,1,-0.4,-2.2,0.55,-2.16,0.3
2019,8,1,-0.1,-2.04,0.01,-2.06,0.1
2019,9,1,-1.2,0.81,0.13,-2.52,0.2
2019,10,1,-0.4,-1.97,-0.89,-2.58,0.3
2019,11,1,-0.8,-4.42,-0.49,-3.37,0.5
2019,12,1,-0.6,-1.78,0,-2.54,0.5
2020,1,1,0.2,,-1.41,-1.52,0.5
2020,2,1,-0.1,,-1.48,-2.32,0.5
2020,3,1,-0.1,,-1.75,-1.83,0.4
2020,4,1,0.2,,-1.32,-1.87,0.2
2020,5,1,0.4,,-0.52,-1.36,-0.1
2020,6,1,-0.4,,-0.76,-1.78,-0.3
2020,7,1,0.4,,-0.91,-1.84,-0.4
2020,8,1,1.1,,-1.32,-1.2,-0.6
2020,9,1,0.9,,-1.04,-1.25,-0.9
2020,10,1,0.5,,-0.62,-1.48,-1.2
2020,11,1,0.7,,-1.58,-2.83,-1.3
2020,12,1,1.8,,-0.99,-1.81,-1.2
2021,1,1,1.9,,-0.61,-0.53,-1
2021,2,1,1.5,,-1.1,-1.2,-0.9
2021,3,1,0.4,,-1.68,-0.76,-0.8
2021,4,1,0.3,,-1.85,-1.89,-0.7
2021,5,1,0.5,,-2.01,-0.74,-0.5
2021,6,1,0.4,,-1.81,-0.26,-0.4
2021,7,1,1.4,,-1.94,-0.52,-0.4
2021,8,1,0.6,,-0.93,-0.71,-0.5
2021,9,1,0.8,,-1.96,-0.74,-0.7
2021,10,1,0.7,,-3.11,-0.34,-0.8
2021,11,1,1,,-2.73,-0.26,-1
2021,12,1,1.5,,-2.71,-2.08,-1
