FID,LSAT_SST,Fetch,Wind,Tidal_Current,Depth,Cluster,Y1973,Y1974,Y1976,Y1977,Y1982,Y1984,Y1985,Y1986,Y1988,Y1989,Y1990,Y1991,Y1992,Y1994,Y1997,Y1998,Y1999,Y2001,Y2002,Y2005,Y2006,Y2007,Y2008,Y2009,Y2010,Y2011,Y2012,Y2013,Y2014,Y2015,Y2016,Y2017,Y2018,Y2019,Y2020,Y2021,Zero_Years,Persistence
0,14.499,80566,5.409,0.146,4.310218978,4,5919.683096,37601.07786,0,7047.321061,632.9377758,33635.64984,74810.71159,1008.309749,39355.96434,72899.82688,73128.168,6499.924746,0,42426.00246,44010.49638,0,3915.316477,1094.985315,949.7332557,3352.268573,49670.0471,0,53.44914369,0,0,11398.93436,395.1537805,2640.745272,2211.123238,90.43047964,62.48514066,358.0159728,34345.20246,42866.77778,115.2414664,2995,6,30
1,14.498,80576.333,5.439,0.155,3.755424063,4,49312.75051,137234.2658,66511.46168,739.3102967,10515.67016,55024.20582,105992.8009,1875.96834,42565.34385,96857.20158,105152.0045,2311.995195,4098.145016,59137.63204,57639.40645,0,48179.39775,107983.116,49209.60237,55309.31755,78665.87928,11060.68469,137641.779,28989.66164,19510.01766,98140.6653,63773.90854,48738.27305,59621.78597,1370.057638,22542.77754,52683.57878,113978.0119,135421.7097,81806.7394,124004.6737,1,35
2,14.517,80593.737,5.546,0.164,3.658536585,4,62896.07556,105935.4802,23961.81899,0,3303.041686,39131.43041,58053.69942,17063.5895,59306.0447,182974.4393,196189.0979,31782.65615,24668.95073,145158.5908,156289.8585,0,175812.8891,97862.52618,149402.8612,125377.7813,176937.2422,98388.94029,133619.2424,122381.8594,74086.35532,194977.3606,151142.6859,82279.8356,89664.54665,2228.718078,7326,106554.1542,184232.5556,205806.912,164643.413,237330.5919,2,34
3,14.296,80604.313,5.547,0.167,4.161290323,4,96743.08855,81353.33702,46734.74644,7000.219156,1203.98351,21.85642298,681.492157,7479.206971,848.6438928,10670.22113,19313.53513,7899.988195,15187.33023,52422.39857,34518.08915,0,20440.3374,89466.78613,70294.24186,61616.8092,99494.95748,63320.27404,123915.9957,61354.09005,42947.26998,127196.0496,118228.9241,53028.23055,20486.38092,7646.593532,0,79238.89836,123908.2049,153091.9637,152892.7132,140765.3247,2,34
4,14.225,80606,5.711,0.17,5.676982592,3,705.1305274,9558.695392,17776.71917,0,0,1728.430517,21914.92263,26121.68215,0,27989.56086,17278.62406,5282.368847,4134.439533,8399.494737,31458.8475,0,26694.31823,15548.56274,33212.17736,36151.46453,48728.01729,21707.31072,40547.99685,7488.284873,11889.89108,116318.2926,82742.3214,27765.462,11542.72318,11733.85279,0,46995.91988,62097.089,125583.2937,94005.79058,52445.35864,5,31
5,16.279,84473.318,6.122,0.257,5.810991957,1,1316.633972,0,0,0,0,0,0,0,0,0,0,0,0,0,0,0,0,0,0,0,0,0,0,0,0,0,0,0,0,0,0,0,0,0,0,0,35,1
6,16.193,84679.696,6.327,0.28,5.125511596,1,69940.34378,0,14509.70248,0,0,0,0,0,0,0,0,0,0,0,0,0,0,0,0,0,0,0,0,0,0,0,0,0,0,0,0,0,0,0,0,0,34,2
7,16.204,83695.333,6.406,0.287,3.807976366,1,163105.7241,50432.82015,18182.20937,0,0,0,0,0,0,0,0,0,0,0,0,0,0,0,0,0,0,0,0,0,0,0,0,0,0,0,0,0,0,0,0,0,33,3
8,16.493,84681.826,6.22,0.28,2.329032258,1,19967.65539,27401.78617,31029.83438,0,0,0,0,0,0,0,0,0,0,0,0,0,0,0,0,0,0,0,0,0,0,0,0,0,0,0,0,0,0,0,0,0,33,3
9,16.588,81719.889,6.429,0.282,1.423387097,2,4036.550053,4952.975341,0,0,0,0,0,0,0,0,0,0,0,0,0,0,0,0,0,0,0,0,0,0,0,0,0,0,0,0,0,0,0,0,0,0,34,2
10,16.588,81717.25,6.477,0.283,1.705202312,2,9687.285753,143.7833451,0,0,0,0,0,0,0,0,0,0,0,0,0,0,0,0,0,0,0,0,0,0,0,0,0,0,0,0,0,0,0,0,0,0,34,2
11,16.355,84283.857,6.509,0.282,3.447580645,2,80762.98911,73994.78893,57272.59774,0,0,0,0,0,0,0,3848.719772,0,0,0,885.3636068,0,0,1202.778914,35586.79165,0,0,0,0,0,0,0,0,0,0,0,0,0,0,0,0,0,29,7
12,16.191,84381,6.492,0.289,4.675889328,2,89804.8305,86364.74909,42052.52885,0,0,0,0,0,0,0,4498.540751,0,0,0,0,0,0,0,961.719895,0,0,0,0,0,0,0,0,0,0,0,0,0,0,0,0,0,31,5
13,15.992,84725.571,6.456,0.301,5.256038647,2,162732.1067,163989.7199,163391.0569,92110.60401,49129.08571,0,91769.30259,0,0,0,96262.23347,0,0,0,1914.10637,7430.056344,0,64994.47103,126659.1033,0,0,0,0,0,0,0,0,0,0,0,0,0,0,0,3595.705725,0,24,12
14,15.842,84726.545,6.426,0.308,6.944976077,2,95164.78826,131663.1905,109756.6519,29001.31626,4696.605329,0,15496.48433,0,0,0,48791.36991,0,0,0,4449.729085,0,0,10109.66351,41507.0961,0,0,0,0,0,0,0,0,0,0,0,0,0,0,0,1532.004512,0,25,11
15,15.944,91838.571,6.261,0.318,5.573611111,2,192356.0779,242253.6099,216198.7169,199096.9399,54757.05586,14613.52391,156555.1407,84711.72128,75644.54957,11592.79043,158513.7938,81283.37374,110561.28,41358.59218,141621.7972,63740.0481,40046.0759,160714.29,178606.2461,0,0,0,0,0,0,0,0,0,0,0,0,12308.47081,18738.47206,0,64146.15047,61535.15267,13,23
16,15.638,84735.913,6.511,0.328,12.44974227,2,0,0,0,0,7680.485802,0,13110.52592,0,0,0,31029.70337,0,0,0,11671.13768,0,0,0,16328.76274,0,0,0,0,0,1596.618174,0,4363.926918,1862.527592,0,0,0,0,1704.474677,0,0,0,27,9
17,15.753,84765.167,6.111,0.334,5.917205692,2,215707.0472,202310.0297,219205.1214,184487.8235,96277.45889,3235.415472,186999.5932,46365.71479,69655.4204,25997.04942,198467.3783,30101.13625,71608.90536,11816.33143,163939.3614,19977.0233,11485.93414,191526.6824,203596.2676,0,0,0,0,0,732.4976217,2401.063174,8126.696254,36266.62095,100223.5276,2278.666974,0,54797.6306,13247.13491,0,52077.0398,22047.1281,7,29
18,15.434,84768.5,6.534,0.346,16.47515528,2,0,0,0,0,0,0,0,0,0,0,0,0,0,0,0,0,0,0,0,0,0,0,0,0,0,0,1450.229221,0,0,0,0,0,0,0,0,0,35,1
19,15.555,84773.667,6.386,0.345,13.24048443,2,859.6942978,0,0,0,5919.087434,0,0,0,0,0,2999.173577,0,0,0,0,0,0,0,0,0,0,0,0,0,0,0,3400,0,0,0,0,0,0,0,0,0,32,4
20,15.713,84774.5,6.101,0.331,8.386363636,2,40028.34294,10168.18353,17353.4968,3134.973126,8012.236961,0,16630.00628,3634.40412,3653.376032,0,37948.15461,0,11576.91717,0,25858.77098,0,864.2856793,10175.45435,18452.52265,0,0,0,849.2138624,0,820.543287,4743.844387,4757.780621,1289.56037,2010.015543,0,0,9085.798364,15.9601001,0,7269.719623,57.25747014,12,24
21,14.519,80289,5.237,0.113,3.171171171,4,0,0,0,0,0,0,0,0,0,0,0,0,0,0,0,0,0,0,0,0,0,0,21.52769803,0,0,0,0,117.2826734,0,0,0,0,0,0,0,0,34,2
22,14.319,80286.9,5.361,0.129,4.420977011,4,0,4694.951246,0,0,11335.05975,19262.25212,28061.59261,0,14225.9065,21443.86123,16973.00779,0,0,11031.17702,10368.13009,0,2501.532517,0,0,1404.810596,11701.51953,0,394.6883481,0,0,2242.393683,4737.981945,3736.223586,0,699.0625907,0,5163.167777,6864.071539,22404.8097,983.5577484,4035.229024,14,22
23,14.418,84878.692,5.594,0.149,5.543735225,4,8497.69649,74803.46077,137879.3242,75045.6559,122323.1309,312446.6865,315989.2712,65173.8359,231031.6569,324020.3142,138071.7961,0,2114.859233,277095.3046,228764.692,0,208045.315,0,46075.22687,130567.3253,190090.4116,2.742411293,69.01666515,15519.18614,0,229577.9501,15803.21785,83236.67142,4255.092355,652.4717652,17073.81164,38961.89239,273416.0279,270034.9846,108868.3676,113652.6117,4,32
24,14.644,80518.08,5.246,0.127,2.857526882,4,41989.43991,23856.62417,32761.98189,6343.184188,205.3544968,5754.155701,14520.24884,1728.233742,15688.79058,26300.38013,14818.16431,22855.46804,0,10141.40069,3527.855895,0,25246.93177,17884.18342,16302.24353,10850.76932,33676.52372,0,22398.59207,8644.388415,6624.959917,35837.9497,22156.23723,21990.07659,40261.05877,21871.76617,39482.30114,35272.1405,31948.70045,36376.23263,20387.84964,31938.25449,3,33
25,14.473,84622,5.785,0.168,6.026206897,4,184563.9077,119625.9658,155613.1691,98873.9261,3655.618606,190681.29,254919.3269,12271.41422,219853.5355,282636.3962,161600.3952,13438.80971,112787.2704,206929.6944,188579.7145,0,204616.231,53948.0052,211451.6393,235959.1281,208064.7202,160.75,7302.622209,24857.43634,56793.8928,267713.6784,79204.25717,126107.0657,37678.66306,1025.414246,0,129515.956,241992.8845,159734.0157,211449.8904,131332.7112,2,34
26,14.665,80567.522,5.207,0.154,1.620286086,4,152941.2735,160534.0111,97428.55079,0,29890.56864,25036.23345,46967.58235,8926.316245,86734.9163,63197.47835,113540.6548,56889.8249,3539.494891,97705.42729,23449.68967,0,100130.7518,148695.5413,137319.8675,128551.6653,178467.5057,4192.247672,199165.7127,217126.5263,145387.7763,221500.2112,109827.9542,144215.3941,171826.3553,130925.3271,132546.0322,166470.3072,216235.5387,239063.4797,230466.5955,204352.5655,2,34
27,14.067,80355.917,5.881,0.187,6.6953125,3,43988.51343,0,10779.48529,6264.61146,0,0,16249.63251,2636.453077,54160.36442,45041.77562,102246.9384,149830.8916,0,12230.29118,27522.94747,0,0,0,19982.53549,71485.99187,34196.28814,12933.78451,373.2540633,0,21266.73471,66514.86239,29719.5795,20020.88261,0,0,0,0,14652.99448,0,38566.07674,0,14,22
28,14.342,80594.261,5.312,0.171,3.324289406,4,63113.21231,41696.16761,25161.46488,0,8187.108981,21033.19327,38224.72078,3506.471928,1473.403415,40295.51858,33771.33462,0,13923.08703,48765.87862,393.5492868,0,0,35194.44213,12566.53079,11495.65987,16920.73523,12059.30706,36027.75115,19477.86892,42711.2915,64129.64745,40795.9945,16313.33359,31891.09842,23187.72494,16164,44968.41378,88470.27289,103264.4203,101879.275,47075.56689,4,32
29,14.005,80531.897,6.015,0.245,11.71800434,3,0,0,0,0,0,0,0,0,0,0,237.729108,33624.48455,0,0,0,0,0,1697.323795,0,0,0,109.8955411,0,0,0,0,0,2.943456968,0,0,0,0,0,0,0,0,31,5
30,14.035,80607.208,5.524,0.185,4.534942821,3,0,943.2504319,0,0,0,0,7341.723021,1697.265824,9778.364478,0,15833.97512,55467.34391,13156.21981,57540.76698,113812.0646,0,0,12.98752443,0,10459.65374,0,0,301.5307173,0,20500.41437,78402.33788,31202.43703,3338.360958,0,0,0,10973.69524,0,26046.43963,0,0,18,18
31,13.992,80490.381,6.126,0.295,10.38202247,3,2437.00552,0,0,0,0,1439.950833,0,0,0,0,10783.63812,0,0,0,0,0,0,848.6654263,0,0,0,0,0,0,5875,0,6316.758793,14.35926276,0,0,0,0,0,0,0,0,29,7
32,14,80621.115,5.775,0.225,12.34416366,3,3590.484816,10779.86064,0,0,0,0,9741.634796,0,0,0,6859.907378,46232.11734,89.87630325,0,11021.42178,0,0,0,0,0,0,0,287.1883086,0,0,0,2623.122771,0,0,0,0,0,0,0,0,0,27,9
33,13.99,80642.923,5.902,0.281,13.38676845,3,0,0,0,0,0,0,0,0,0,0,0,0,0,0,0,0,0,0,0,0,0,0,157.964035,0,0,0,0,0,0,0,0,0,0,0,0,0,35,1
34,13.967,80654.4,6.116,0.318,11.07272727,3,3893.116211,0,0,0,0,0,0,0,0,0,0,0,0,0,0,1491.272017,0,0,0,0,0,0,0,0,0,0,19612.52832,64.62306153,0,0,0,0,0,0,0,0,32,4
35,13.939,80659.3,6.122,0.314,12.42356688,3,0,0,0,0,0,0,0,0,0,0,0,0,0,0,0,236.8447668,0,0,0,0,0,0,0,0,0,0,585.3348093,0,0,0,0,0,0,0,0,0,34,2
36,16.289,84574,6.058,0.248,5.743478261,1,3592.319898,0,0,0,0,0,0,0,0,0,0,0,0,0,0,0,0,0,0,0,0,0,0,0,0,0,0,0,0,0,0,0,0,0,0,0,35,1
37,16.64,84573.909,5.58,0.244,3.207573633,1,0,0,0,0,0,0,0,0,0,0,0,0,0,0,0,1253.173917,0,0,0,0,0,0,0,0,0,0,0,0,0,0,0,0,0,0,0,0,35,0
38,16.15,84624.778,6.293,0.268,6.189698492,1,18838.08453,0,0,0,0,0,0,0,0,0,0,0,0,0,0,0,0,0,0,0,0,0,0,0,0,0,0,0,0,0,0,0,0,0,0,0,35,1
39,16.04,84680.227,6.422,0.289,5.892857143,1,157199.9976,0,10779.2599,0,0,0,0,0,0,0,0,0,0,0,0,0,0,0,0,0,0,0,0,0,0,0,0,0,0,0,0,0,0,0,0,0,34,2
40,16.048,82194.04,6.484,0.292,4.733082707,2,292023.0399,3355.382287,73417.97156,0,0,0,0,0,0,0,0,0,0,0,0,0,0,0,1728.622666,0,0,0,0,0,0,0,0,0,0,0,0,0,0,0,0,0,32,4
41,16.74,84660.282,5.413,0.266,0.481418919,1,0,0,0,0,0,0,0,0,0,0,0,0,0,0,0,0,0,1164.164817,0,0,0,0,0,0,0,0,0,0,0,0,0,0,0,0,0,0,35,0
42,16.87,84683.6,6.123,0.277,0.686746988,1,3592.376611,0,0,0,0,0,0,0,0,0,0,0,0,0,0,0,0,0,0,0,0,0,0,0,0,0,0,0,0,0,0,0,0,0,0,0,35,1
43,16.361,81716,6.52,0.289,3.535885167,2,225191.7907,50078.27076,22599.60885,0,0,0,0,0,0,0,0,0,0,0,0,0,0,0,438.3951899,0,0,0,0,0,0,0,0,0,0,0,0,0,0,0,0,0,32,4
44,16.886,82050.222,6.356,0.274,0,2,11863.17892,0,0,0,0,0,0,0,0,0,0,0,0,0,0,0,0,0,0,0,0,0,0,0,0,0,0,150.4070227,0,0,0,0,0,0,0,0,34,2
45,16.049,83813.85,6.561,0.298,5.228951256,2,244609.0435,227073.8829,160077.4056,0,3575.615262,0,0,0,0,0,0,0,0,0,0,0,0,0,0,0,0,0,0,0,0,0,0,0,0,0,0,0,0,0,0,0,32,4
46,16.467,84715.222,6.343,0.28,2.885644769,2,272181.5366,219498.3501,182630.9054,1707.334578,0,0,6314.700351,0,0,0,43198.10582,0,0,0,39692.15062,4475.828049,0,119376.8451,181534.4665,0,0,0,0,0,0,0,0,0,0,0,0,0,0,0,891,0,25,11
47,15.78,84725.138,6.563,0.312,8.129916567,2,145837.5115,227917.0327,87897.85467,0,21348.15643,0,5024.718228,0,0,0,15109.61982,0,0,0,0,0,0,848.6691785,13453.85817,0,0,0,0,0,0,0,0,0,0,0,0,0,0,0,0,0,28,8
48,16.231,86221.84,5.985,0.3,2.074380165,2,301659.8781,280087.8737,236874.2193,122310.6226,74776.59294,0,179592.6962,26707.88934,19163.14594,0,227595.6669,30415.9234,33812.9046,0,147498.8461,82631.80495,0,212522.8513,245267.2901,0,0,0,0,0,0,0,0,0,0,0,0,0,0,0,30791.52341,14633.78136,19,17
49,15.53,84730,6.603,0.331,9.902306649,2,0,0,0,0,57084.89747,0,34559.01536,0,0,0,104869.1834,0,0,0,28891.93038,0,0,0,52079.91617,0,3654.530569,0,0,0,24503.38183,19677.46709,45436.07308,14725.50021,0,0,0,0,39884.52532,0,0,0,25,11
50,16.157,90682.227,5.769,0.315,1.754689755,2,272310.707,227446.4767,140849.7185,45488.30691,88363.31627,905.7709359,39905.76017,12682.63637,23585.75978,3492.098434,162088.1267,62507.46331,93072.03674,22.61923982,117945.7823,30057.08056,0,196609.0425,189609.9078,0,4741.050745,10853.80012,9778.752556,0,8688.625294,3061.405284,1100,6002.226067,18904.86602,2224.466815,0,6937.519085,14619.50767,0,37170.69014,75821.91179,5,31
51,15.955,84769.083,5.991,0.326,3.835411471,2,293553.7094,273653.1286,272932.2274,248352.5248,139139.9102,16998.51236,236279.0396,134682.2945,60376.73357,39939.15039,268236.3294,80267.72779,205461.6521,0,234850.6136,14253.1895,47861.07395,236766.2363,269674.1655,0,2370.984125,17499.75855,997.2338325,0,38284.27339,69716.58193,116133.3338,56804.21495,119515.9598,2241.292235,0,88912.04583,17917.92525,0,132177.786,131995.3173,5,31
52,15.411,84774,6.525,0.34,13.63850688,2,0,0,0,0,0,0,0,0,0,0,0,0,0,0,0,0,0,0,0,0,0,15.24999999,0,0,0,0,0,0,0,0,0,0,0,0,0,0,35,1
53,15.596,84782.571,6.238,0.329,11.61431624,2,28915.50964,296.7139763,0,0,0,0,450.3642628,0,0,0,28434.9356,0,0,0,312.0979211,848.6329118,0,0,332.0661245,0,0,0,0,0,0,0,0,0,0,0,0,1044.186346,0,0,0,0,28,8
54,15.851,84787.789,5.781,0.311,8.057660626,2,189459.7011,79922.61716,71152.17814,42700.37675,0,5718.719759,90681.63619,21928.85617,16540.34664,10959.22847,99325.86646,6629.429024,25220.47396,0,32929.95029,848.6329119,0,6698.882973,61223.36595,0,0,0,0,0,335.9121241,4371.292836,10161.6749,6566.246068,13465.96427,0,0,22727.17798,773.9999999,0,4854.007503,9116.310486,11,25
55,15.577,84826.571,5.967,0.3,9.621145374,2,12809.663,23216.5609,0,0,0,0,16291.21647,0,3017.125073,8860.788917,38798.57964,0,0,0,8391.282843,0,0,0,1728.463352,0,0,1155.189813,0,0,0,0,619.3777715,773.5843213,0,0,0,9096.633486,0,0,0,0,24,12
56,14.262,80287.8,5.315,0.118,4.221763085,4,945.9941932,0,0,0,0,0,0,0,0,0,0,0,0,0,0,0,0,0,0,0,0,0,0,0,0,0,0,0,0,0,0,0,0,0,0,0,35,1
57,14.492,80289,5.212,0.105,6.543252595,4,0,0,0,0,0,0,0,0,0,0,0,0,0,0,0,0,0,0,0,0,0,0,0,0,0,0,0,64.58391101,0,0,0,0,0,0,0,0,35,1
58,14.175,83073.167,5.545,0.135,7.105459057,4,6275.991116,132.4572639,0,0,3575.615262,37843.28629,56122.75296,0,37.70935384,21175.90968,9935.618279,0,0,797.6752316,1430.74713,0,4550.975886,0,0,0,0,0,0,0,0,1573.938102,0,286.0849752,0,0,0,0,34586.57351,867.8960394,187.9194381,0,20,16
59,14.301,85060,5.707,0.153,7.1167979,4,4348.093192,1715.934846,10836.40738,31143.07613,53281.49464,148101.052,158530.5236,0,59830.96224,109443.6528,15878.46358,0,3814.963,76876.75953,114399.6955,0,125604.9803,0,27286.84597,46458.51789,41021.75427,0,229.6546741,537.3006391,0,128778.6632,16624.58693,45459.01794,0,0,945.1989388,19466.15109,81274.34739,98850.75528,60538.42197,26808.26962,8,28
60,14.66,83546.955,5.172,0.116,4.187418087,4,0,0,0,0,0,0,0,0,0,0,0,0,0,0,0,0,0,1697.259436,0,0,0,0,0,0,0,0,0,7.176640538,0,0,0,0,0,0,0,0,34,2
61,14.165,81453.75,5.888,0.179,8.80375,4,13444.29298,0,294.9018348,0,0,42620.29512,150198.3138,0,32285.25636,71483.23435,23163.35008,289.830522,0,68272.29894,44955.32249,0,24404.8525,0,38876.58692,53952.15107,12259.51687,394.9777408,86.13329427,0,2285.353731,46668.84815,3815.627492,8262.390201,0,0,0,741.515445,38694.48619,0,24255.03644,0,13,23
62,14.675,80563.12,5.135,0.137,1.489878543,4,15976.02067,34331.15799,13020.14841,0,3574.932922,0,0,10633.59701,23559.00988,11168.84785,20403.86839,74.96496103,0,20862.12755,1335.996604,0,5337.717061,10232.56814,25165.81702,24328.02365,40102.5889,8576.745463,65795.35218,43323.9495,8060.046115,46167.46866,8231.223885,43115.59211,30310.59979,30240.35241,23299.59855,47311.56025,43951.72856,60757.65276,46450.64996,62507.24865,5,31
63,14.336,80258,6.549,0.31,11.62227074,3,2033.527681,0,845.2418748,0,8726.513788,0,19109.86978,14740.55882,7144.971421,14446.46409,13522.31825,11730.35306,1728.582462,19180.17425,14399.55387,0,8064.272276,0,848.6840104,4112.108552,16023.29926,0,3338.390204,0,0,31874.23673,26423.7078,7998.324131,0,326.2665229,711,0,459,2526.768457,0,2947.121897,11,25
64,14.113,80252,6.009,0.223,13.70649652,3,3592.378429,0,0,0,0,0,0,0,0,0,34965.508,47136.29192,0,0,20053.38069,0,0,0,0,0,1126.70307,2313.487745,0,0,3196.995328,0,3152.598178,107.6735003,0,885.7647762,0,0,0,0,0,0,26,10
65,14.471,80574.095,5.011,0.163,1.787234043,4,6764.531364,45697.71454,25945.73195,0,3574.932922,2288.923769,1675.923411,6268.264328,10755.62797,3718.86068,10776.76023,0,0,7503.732242,0,0,0,13855.21996,30117.28577,15775.30845,12631.51996,9889.678306,22283.99626,32170.81496,12182.81548,65182.80997,15590.46331,31492.05096,27990.47926,26604.522,3292.130096,33076.55009,75212.19444,113372.8499,38234.60806,46799.94094,6,30
66,14.449,80597.154,5.165,0.18,2.603254068,4,22097.38344,18917.65709,80.60628101,934.3283808,1699.76297,4325.223085,24714.75345,848.6329119,0,664.0029936,91.90867703,0,0,0,0,0,6290.776289,0,0,3650.246563,1.436822034,0,367.6096408,0,81.3627369,4905.348159,6687.518161,1174.547332,210.4578812,0,55.93035538,3148.770975,5748.699486,986.1381187,345.955866,3594.325013,11,25
67,14.174,80612.083,5.494,0.199,4.992248062,3,54536.33355,2830.269276,8649.265673,9903.873001,3573.568243,22061.97788,56622.78266,8528.485233,39073.89612,64573.05428,25388.96765,34496.90135,20197.77072,43294.28111,80307.96449,0,47307.56497,27503.39367,44161.06627,41483.47154,40246.27621,1005.738984,17178.61937,6978.067898,71301.93821,100303.3873,119646.5621,54263.2539,26358.20233,8859.450974,2014.174986,90049.29801,37643.83425,76016.99345,53461.87523,19268.93936,1,35
68,14.11,80465,6.201,0.305,10.57032258,3,854.7156904,0,0,0,0,0,0,0,0,0,0,0,0,0,0,0,0,0,0,0,0,0,0,0,0,0,47230.40885,43.07842546,0,0,0,0,0,0,0,0,33,3
69,14.328,80617.25,6.433,0.319,14.33969466,3,0,0,0,0,0,0,0,0,0,0,0,0,0,0,0,0,0,0,0,0,0,0,0,0,0,0,1261.359433,0,0,0,0,0,0,0,0,0,35,1
70,14.047,80628.538,5.685,0.238,12.47491249,3,3592.376539,0,0,0,0,0,0,0,0,0,0,0,0,0,0,0,0,1671.705728,0,0,0,0,78.98339667,0,0,0,0,0,0,0,0,0,0,0,0,0,33,3
71,14.052,80660.303,6.258,0.321,13.9156746,3,0,0,0,0,0,0,0,0,0,0,0,0,0,0,0,0,0,0,0,0,0,0,0,0,0,0,17470.76222,21.54073198,0,0,0,0,0,0,0,0,34,2
72,13.956,80651.435,5.855,0.287,12.56629834,3,7184.803739,0,0,0,0,0,0,0,0,0,0,0,0,0,0,0,0,0,0,0,0,0,150.8118732,0,0,0,0,0,0,0,0,0,0,0,0,0,34,2
73,13.878,80666.563,6.172,0.312,14.4357213,3,0,0,0,0,0,0,0,0,0,0,0,0,0,0,0,0,0,0,0,0,0,0,0,0,0,0,5524.504297,0,0,0,0,0,0,0,0,0,35,1
74,16.327,84574,6.08,0.252,6.549275362,1,1193.801905,0,0,0,0,0,0,0,0,0,0,0,0,0,0,0,0,0,0,0,0,0,0,0,0,0,0,0,0,0,0,0,0,0,0,0,35,1
75,16.593,84573.917,5.647,0.246,2.907773386,1,0,0,0,0,0,0,0,0,0,0,0,0,0,0,0,475.0321251,0,0,0,0,592.0348913,0,0,0,0,0,0,0,0,0,0,0,0,0,0,0,34,0
76,15.948,84556.708,6.459,0.293,7.217884131,1,24145.90997,0,0,0,0,0,0,0,0,0,0,0,0,0,0,0,0,0,0,0,0,0,0,0,0,0,0,0,0,0,0,0,0,0,0,0,35,1
77,15.814,81847.478,6.501,0.3,6.030463576,2,227629.4806,1109.943221,55544.17134,0,0,0,0,0,0,0,0,0,0,0,0,0,0,0,0,0,0,0,0,0,0,0,0,0,0,0,0,0,0,0,0,0,33,3
78,15.965,81716,6.567,0.298,5.279258401,2,314596.1361,35774.65981,230372.6708,0,0,0,0,0,0,0,0,0,0,0,0,0,0,0,3047.014133,0,0,0,0,0,0,0,0,0,0,0,0,0,0,0,0,0,32,4
79,17.222,84652.952,4.735,0.263,0,1,0,0,0,0,0,0,0,0,0,0,0,0,0,0,0,0,0,1381.76668,0,0,0,0,0,0,0,0,0,0,0,0,0,0,0,0,0,0,35,0
80,17.268,85352.571,5.863,0.272,0,1,0,0,0,0,0,0,0,0,0,0,0,0,0,0,0,0,0,848.6577127,0,0,0,0,0,0,0,0,0,0,0,0,0,0,0,0,0,0,35,0
81,15.906,82396.227,6.628,0.305,5.837340877,2,214256.9301,124353.6045,45028.29787,0,0,0,0,0,0,0,0,0,0,0,0,0,0,0,0,0,0,0,0,0,0,0,0,0,0,0,0,0,0,0,0,0,33,3
82,16.833,84603.172,6.093,0.266,0,2,7664.568408,274.7231117,0,0,0,0,0,0,0,0,0,0,0,0,0,0,0,0,0,0,0,0,0,0,0,0,0,0,0,0,0,0,0,0,0,0,34,2
83,15.699,84719.15,6.613,0.316,8.797650131,2,94444.54889,136671.6543,20981.8371,0,3041.497874,0,0,0,0,0,0,0,0,0,0,0,0,0,0,0,0,0,0,0,0,0,0,0,0,0,0,0,0,0,0,0,32,4
84,16.644,84724.556,5.147,0.283,0,2,43525.46804,18901.05253,7475.983472,0,0,0,17.65035559,0,0,0,198.6932897,0,0,0,0,0,0,107.9911302,126.9999739,0,0,0,0,0,0,0,0,28.65511604,0,0,0,0,0,0,0,0,28,8
85,15.545,84729.308,6.644,0.327,13.45932416,2,3273.216689,15021.0701,181.7500027,0,532.7514075,0,0,0,0,0,1.509425736,0,0,0,0,0,0,0,0,0,0,0,0,0,0,0,0,0,0,0,0,0,0,0,0,0,31,5
86,16.591,89241.414,4.779,0.301,0,2,48972.01202,8349.563319,0,381.5215213,0,0,0,0,0,0,0,1531.090268,16939.93883,0,6114.571232,0,0,1252.039641,0,0,0,823.9498769,14219.80984,0,1611.374706,0,0,0,1690.161233,0,0,0,747,0,800.9999999,4703.428229,22,14
87,16.267,85341.75,4.92,0.307,0,2,26869.54376,13462.23923,2623.731078,830.6702038,7410.650467,0,0,541.127311,0,6894.862864,19366.10057,110.9420038,7152.141426,0,1666.254324,0,0,13195.48938,11929.8917,0,395.1949309,0,0,0,0,0,0,738.1572392,2810.992322,9210.173347,0,0,0,0,14567.91568,20236.98581,17,19
88,15.288,84776.762,6.638,0.337,14.13088235,2,0,0,0,0,0,0,0,0,0,0,0,0,0,0,0,0,0,0,0,0,0,0,0,0,0,0,0,7.167211224,0,0,0,0,0,0,0,0,35,1
89,15.368,84800.571,6.518,0.332,17.02321981,2,0,0,0,0,0,0,0,0,0,0,0,0,0,0,0,0,0,0,0,0,0,0,0,0,0,0,1278.413064,0,0,0,0,0,0,0,0,0,35,1
90,16.383,84783.241,4.81,0.301,0,2,98170.35992,78718.20814,81406.08712,88161.29101,32930.60876,13913.27831,56737.95691,23061.85542,15218.8918,5022.942352,69681.82601,17887.53771,34869.31654,0,58593.64612,10.72028988,848.6329119,70903.41654,105369.1592,0,22628.14273,16199.3017,29334.72262,0,25976.77358,31542.21767,66208.65933,59112.73963,80846.0556,3179.75762,0,8582.085347,0,1323,16420.43809,16747.89548,5,31
91,15.503,84812.967,6.226,0.313,13.57038582,2,0,0,0,0,0,0,0,0,0,0,0,0,0,0,0,0,0,0,0,0,0,0,0,0,0,0,1500,0,0,0,0,0,0,0,0,0,35,1
92,15.955,84817.36,4.96,0.29,5.490589711,2,193040.4255,154393.185,90736.74479,56573.88658,21249.60694,11319.93525,175461.4708,18495.22399,9939.151472,34698.78894,183237.0249,5254.589029,21834.34313,9800.042496,97168.55521,837.912622,0,46149.94587,122542.8194,0,12896.54953,26663.35183,28519.17838,0,30801.80253,31340.93985,39200.60456,56599.35318,58049.9348,2132.456586,0,72434.33527,1623.455929,675,21383.45562,4421.366489,4,32
93,15.521,84838.786,6.074,0.29,12.11290323,2,0,14432.85156,2491.01883,0,0,0,4909.755378,0,8526.630186,266.786317,4932.01935,0,0,0,6605.495008,5077.100278,0,74.03382487,1197.699406,0,0,0,0,0,0,0,0,0,0,0,0,0,0,0,0,0,26,10
94,14.267,80288.1,5.269,0.112,11.58333333,4,0,0,0,0,0,0,0,0,0,0,0,0,0,0,0,0,0,0,0,0,0,0,71.74768393,0,0,0,0,0,0,0,0,0,0,0,0,0,35,1
95,13.852,82367.565,5.45,0.126,9.26074896,4,0,0,0,8655.292701,0,0,0,0,12034.02175,8629.696596,0,0,0,7674.041271,0,0,0,0,0,0,0,0,3337.452894,0,0,0,0,0,0,0,0,0,0,0,450.0000001,0,30,6
96,14.441,80710.217,5.202,0.1,12.9301676,4,0,0,0,0,0,0,0,0,0,0,0,0,0,0,0,0,0,0,0,0,0,0,0,0,0,0,0,7.175063637,0,0,0,0,0,0,0,0,35,1
97,14.134,85061.692,5.646,0.132,12.95058824,4,0,0,0,0,0,0,0,0,0,0,0,0,0,0,0,0,0,848.6468011,0,0,0,0,50.23186809,0,0,0,0,50.22953831,0,0,0,0,0,0,0,0,33,3
98,14.686,89625.727,5.123,0.104,12.3037448,4,0,0,0,0,0,0,0,0,0,0,0,0,0,0,0,0,0,848.6263212,0,0,0,0,0,0,0,0,0,0,0,0,0,0,0,0,351,0,34,2
99,14.241,83310.591,5.865,0.165,12.68578879,4,3592.372788,0,0,0,0,0,0,0,0,3538.755292,0,0,0,0,0,0,0,0,0,0,0,56,0,0,0,0,0,28.7053307,0,0,0,0,0,0,0,0,32,4
100,14.519,80258,6.588,0.309,17.28142589,3,0,0,0,0,0,0,0,0,0,0,0,0,0,324.1995834,0,0,0,0,0,0,0,0,0,0,0,0,875.0000001,0,0,0,0,0,0,0,0,0,34,2
101,14.874,82784.7,5.03,0.121,1.494100295,4,0,0,0,0,0,0,0,0,0,0,0,0,0,0,0,0,0,13391.30753,0,0,0,0,0,0,0,0,0,0,0,0,0,0,0,0,0,0,35,1
102,14.408,80258,6.5,0.307,19.05391304,3,0,0,0,0,0,0,0,0,0,0,0,0,0,0,0,0,0,0,0,0,0,0,0,0,0,0,494.3490437,0,0,0,0,0,0,0,0,0,35,1
103,14.229,80252,6.008,0.208,16.51302083,3,0,0,0,0,0,0,0,0,0,0,0,0,0,0,0,0,0,0,0,0,0,0,0,0,0,0,0,14.35509099,0,0,0,0,0,0,0,0,35,1
104,14.08,80247.111,6.125,0.256,18.856974,3,0,0,0,0,0,0,0,0,0,0,0,0,0,0,0,0,0,0,0,0,0,0,0,0,0,0,0,28.71260218,0,0,0,0,0,0,0,0,35,1
105,14.303,80258,6.577,0.315,9.143603133,3,1558.96613,0,6338.65555,0,2059.814752,0,35682.16784,4113.633521,0,18698.0577,46739.33499,15086.88335,0,7341.708786,6055.962348,0,0,0,0,3489.905165,13952.69913,0,0,0,0,24549.61023,41581.94316,4238.665068,0,1444.898694,998.9999999,495.0302087,1170,8021.231543,0,1174.878103,15,21
106,14.841,80564.25,4.917,0.143,1.447103275,4,0,662.02335,0,0,1276.195219,0,0,1820.383631,939.2763642,0,0,0,0,980.5183355,0,0,0,4332.559833,2334.803397,171.7647667,3792.223079,619.7226691,9347.500766,4306.817636,18.92135255,1880.818155,739.3707166,2160.621283,5882.603842,3560.035649,1453.947762,5929.947132,963.9654273,9416.120689,402.1840399,1488.153053,12,24
107,14.715,80579.875,4.717,0.168,0.936,4,14511.22032,14100.29473,7181.916654,0,11375.05313,0,18812.87743,0,15358.66056,0,0,0,0,0,1697.265824,0,0,3541.746805,20769.25596,42243.26165,4354.313531,127.25,3038.836828,5114.762605,0,28238.46921,17687.78483,11217.25892,3501.72709,0,4986,17363.35711,25491.84125,39790.83981,16552.03851,7893,12,24
108,14.795,80601.125,4.82,0.189,0,4,60736.46782,43276.4141,42092.46405,23757.51157,11429.3211,64177.43001,107477.417,10259.3496,25620.49986,44075.29357,37866.85015,0,3269.28428,37667.72085,30393.28104,5365.257939,89516.40007,21330.68673,67998.08822,36414.42711,93580.49799,11293.52741,70921.50495,50804.40035,31348.78233,97634.50083,78987.83962,47628.20245,83626.26791,656.2670635,79597.78301,93086.87434,90685.93784,69605.55577,85982.85599,102340.4143,1,35
109,14.211,80258,6.552,0.327,13.5167336,3,0,0,0,0,0,0,0,0,0,0,0,0,0,0,0,0,0,0,0,0,0,0,0,0,0,269.4662904,0,0,0,0,0,0,0,0,0,0,35,1
110,14.346,81987.04,6.4,0.316,12.55568862,3,0,0,0,0,0,0,0,0,0,0,0,0,0,0,0,0,0,0,0,0,0,0,0,0,0,0,6738.640567,0,0,0,0,0,0,0,0,0,35,1
111,14.394,80617.96,5.356,0.21,5.398496241,3,59230.99847,51518.85168,39074.33437,31868.93348,4837.816032,50966.15371,116022.0102,40202.70377,124352.1975,181835.1767,91738.01577,40570.95543,0,117787.4082,106811.6234,809.9036873,102884.6584,75928.23295,107116.4084,82860.18931,51516.34223,6608.745134,88989.65998,46014.31861,62618.98525,75477.60023,74059.33971,47167.00032,42254.5909,13266.73674,25546.52429,44609.8723,18703.34571,27063.39208,45338.84219,43576.53621,1,35
112,14.179,80630.774,6.279,0.317,12.21442886,3,0,0,0,0,0,0,0,0,0,0,0,0,0,0,0,0,0,0,0,0,0,0,0,0,0,0,10909.20691,0,0,0,0,0,0,0,0,0,35,1
113,14.118,80637.692,5.568,0.248,9.489570552,3,7184.756835,0,0,0,0,0,18945.66946,31562.67379,0,7883.581542,24291.75337,38642.73774,3947.76559,0,0,0,0,2537.317773,0,0,0,0,0,0,0,479.4242719,1775,146.9499702,0,745.6636057,0,0,0,0,0,0,24,12
114,14.166,80684.478,6.411,0.321,17.88768606,3,0,0,0,0,0,0,0,0,0,0,0,0,0,0,0,0,0,0,0,0,0,0,0,0,175,0,0,0,0,0,0,0,0,0,0,0,35,1
115,14.017,80660.273,5.858,0.294,10.73065903,3,3660.488808,0,0,0,0,0,0,0,0,0,0,0,0,0,0,0,0,818.0006528,0,0,0,0,0,0,0,0,4725.495738,0,0,0,0,0,0,0,0,0,33,3
116,13.884,80674.636,6.253,0.315,18.16231087,3,0,0,0,0,0,0,0,0,0,0,0,0,0,0,989.832125,0,0,0,0,0,0,0,0,0,0,0,0,0,0,1679.092141,0,0,0,0,0,0,34,2
117,16.403,82948,5.886,0.248,4.56006006,1,0,0,0,0,0,0,0,0,0,0,0,0,0,0,0,0,0,848.6441337,0,0,0,0,0,0,0,0,425,0,0,0,0,0,0,0,0,0,34,2
118,16.37,84679.174,6.155,0.27,4.608579088,1,41869.56182,3087.30018,26898.0165,0,0,0,0,0,0,0,0,0,0,0,0,0,0,0,0,0,0,0,0,0,0,0,0,0,0,0,0,0,0,0,0,0,33,3
119,16.276,84680,6.299,0.283,2.68442623,1,88953.9808,78986.01863,76795.35436,0,0,0,0,0,0,0,0,0,0,0,0,0,0,0,2636.69098,0,0,0,0,0,0,0,0,0,0,0,0,0,0,0,0,0,32,4
120,16.407,84679.095,6.047,0.271,2.428378378,1,8697.39336,495.5211294,1689.887764,0,0,0,0,0,0,0,0,0,0,0,0,0,0,0,0,0,0,0,0,0,0,0,0,0,0,0,0,0,0,0,0,0,33,3
121,15.694,92205,6.294,0.331,9.129943503,2,54015.7047,41117.6423,47301.65182,29455.25782,25802.5476,0,28212.96065,2263.209662,14310.00841,0,45336.28343,0,16591.75129,7046.414021,27205.13218,0,3125.596537,26070.53698,36329.79451,0,0,0,0,0,0,0,0,0,0,0,0,0,0,0,7486.279329,0,20,16
122,15.724,87412,6.426,0.333,14.18891688,2,0,0,0,6160.001418,0,0,0,0,0,0,0,0,0,0,2147.679739,0,0,0,0,0,0,0,0,0,0,0,0,0,0,0,0,0,0,0,0,0,34,2
123,15.619,84766.316,6.37,0.345,11.44338118,2,24232.59324,30.37087057,2741.687845,1689.275963,0,0,136.2267856,0,4396.765583,0,38448.12743,0,0,0,2022.280289,0,0,5851.266535,10040.51758,0,0,0,0,0,0,0,274.7707792,0,0,0,0,0,0,0,0,0,25,11
124,14.552,81017.15,5.434,0.138,4.747269891,4,7221.99489,9777.213432,33259.97418,13450.1384,69130.71806,120341.6679,149057.0409,32942.51864,93610.61479,146123.5972,155097.4822,37531.94098,15270.17825,118106.7168,121828.2592,0,50688.77012,0,49134.48535,48688.08105,100475.6384,0,2899.427088,17429.24287,0,62518.28305,62098.94879,49141.94269,31759.21989,6853.847148,11095.35446,55033.14279,75869.94222,114444.8018,48124.69448,76454.10201,4,32
125,14.589,80467.071,5.313,0.132,3.705636743,4,16622.09414,11964.38587,4205.318617,133.6683143,9918.781366,8206.825134,6681.723926,851.5638165,10724.38334,10463.62888,15625.80242,827.6706806,4135.177115,2454.759381,6333.203755,0,11783.74486,9591.499627,5237.828692,10982.20474,14306.99507,0,8232.60337,4307.811749,4022.675503,12004.40268,5039.5022,7131.006042,13435.06174,7945.813623,15457.71975,10270.51694,9907.710759,13170.61886,9441.604551,15165.51122,2,34
126,14.55,84346.48,5.579,0.158,4.723076923,4,119399.7502,177392.9398,90081.36209,19176.48783,63590.70966,216611.6536,235612.9917,98264.01376,226397.6948,304278.1862,295045.8203,3545.038863,16779.94632,290327.1257,265244.2229,0,267251.8638,51124.8725,145798.452,237327.7063,290194.4025,8350.692848,69491.79791,52223.99629,78397.23574,265138.9957,146774.2009,76396.41104,132533.5589,5220.342767,18546.13052,167475.5207,250757.787,267769.1007,153883.7191,285466.8611,1,35
127,14.726,80567.583,5.351,0.152,3.030729834,4,212198.7469,258323.1383,120553.5187,16252.87954,25013.68852,105688.5492,199587.4649,7846.570031,103088.1084,163795.6539,101249.6759,6030.520352,24118.91323,108690.1445,62588.76425,0,110950.3978,214639.0367,136822.7614,186536.7375,205113.8378,23251.5917,267350.1362,148105.293,87232.54494,255729.7804,144171.3188,146573.3482,186740.0492,83578.45908,139404.6815,168832.1227,224371.8103,264016.6632,197029.0841,216493.9001,1,35
128,14.343,81348.167,5.77,0.169,4.676431425,4,34178.19746,9973.982721,12269.29124,0,271.2088958,6204.172744,64867.13275,22499.78311,92142.81859,123020.6751,119195.0797,22440.52387,62493.81023,113832.4087,115919.7383,0,43987.8467,57321.49086,105538.316,134347.0092,158668.0625,11603.97209,79684.44279,5076.709664,60160.35508,132332.7582,95596.55784,59093.14733,40405.53511,2570.407608,315,109482.0406,103743.1834,132649.7877,161154.8267,134003.1713,2,34
129,14.318,80599.636,5.449,0.168,3.733333333,4,31358.42306,24149.81362,21150.04776,1609.066644,8595.373417,143.9571492,14270.47588,0,0,20.24078294,524.8940159,0,1302.007659,16940.06229,455.0836251,0,0,7194.750666,5583.298791,2253.313619,62.14518717,6570.118948,40928.55407,448.042951,8248.951199,62162.54103,30222.87792,13950.00872,1613.785218,8101.925457,0,9169.073622,73392.97445,101087.9177,102387.7769,55784.61192,6,30
130,13.957,80606.8,5.666,0.178,5.412738854,3,7184.688935,6234.058021,0,0,0,0,0,0,0,0,4593.322086,5781.205888,0,0,11583.86902,0,0,835.6626198,0,4364.304251,0,996.4312453,238.2650028,0,825,44812.1957,50503.10437,4402.31854,13623.1826,7459.639605,0,7207.860519,13753.49639,86044.48858,24004.46323,0,17,19
131,13.95,80609.579,5.838,0.19,6.51993865,3,7222.113044,10779.54713,0,920.4808874,0,0,8964.685769,0,2636.476964,0,73032.83378,104023.3391,0,0,10153.11875,0,507.5683079,0,0,0,0,100.3935956,93.31801365,0,225.9162329,7855.894556,20231.10541,9123.359909,0,0,0,0,76.31511725,1902.469674,1310.253743,0,18,18
132,13.957,80619.4,5.875,0.227,11.1255144,3,1.878540899,0,0,7184.988645,0,0,0,0,0,0,32653.88458,49567.99424,6221.683148,0,10091.59637,0,0,0,0,0,0,0,0,0,0,0,2772.504151,0,0,0,0,0,0,0,0,0,29,7
133,13.943,80635.091,5.951,0.282,13.27272727,3,3592.395322,0,0,0,0,0,0,0,0,0,0,0,0,0,0,0,0,0,0,0,0,0,0,0,0,0,0,0,0,0,0,0,0,0,0,0,35,1
134,13.982,80644.444,6.023,0.297,11.88529412,3,0,0,0,0,0,288.9248166,0,0,0,0,0,0,0,0,0,0,0,0,0,0,0,0,0,0,0,0,0,0,0,0,0,0,0,0,0,0,35,1
135,15.712,86353.278,3.587,0.025,-0.02584493,4,4185.589511,17997.31119,0,17930.85518,23486.54481,9220.486098,0,0,7155.686413,0,0,0,0,0,0,5346.49766,0,0,0,0,592.9398188,38.42436188,6075.232998,1238.157655,0,0,0,0,0,0,0,0,0,0,0,0,25,11
136,15.306,85847.886,3.96,0.027,4.955980861,4,12761.10019,0,0,0,7341.83791,3163.597534,0,0,3525.60688,0,0,0,0,0,0,0,0,0,0,0,592.9398186,2455.342396,7701.82527,0,2087.574274,0,0,0,0,0,0,0,0,0,0,4277.872172,27,9
137,15.287,85353.565,4.329,0.024,10.45558087,4,13240.28721,0,0,18023.01954,11231.22244,17893.055,0,0,0,4333.205367,0,0,0,0,1728.793398,0,0,0,0,0,0,0,37589.70199,130.2999235,3825,2225,0,0,0,3418.888533,0,0,0,0,0,0,25,11
138,15.178,87246.383,4.234,0.03,9.333333333,4,44735.57967,40839.70065,36871.31175,12730.85843,17841.53872,44870.26449,71214.08448,23522.35965,41232.68127,61530.74814,64379.61488,26552.61252,18970.50155,61300.39487,40441.85775,-575.4295423,65572.61985,22181.12888,50711.28978,63932.0829,51686.70253,1283.96225,29530.49587,23532.11003,23075.75267,53518.69099,32980.5881,23143.99766,45424.88835,465.616512,2603.006233,6136.16345,1089,0,0,0,3,33
139,15.215,85294.167,3.174,0.036,4.773284314,4,44474.86566,40533.0167,36569.27184,12407.62056,17776.63494,44891.36289,71239.95087,23553.03196,41208.75991,61543.45944,64392.3475,26512.38104,18853.79328,61354.42071,40311.224,-713.4618811,65670.80669,21910.29786,50574.95693,64023.36535,51641.44522,1164.655123,29509.0738,23382.40854,23055.16585,53350.92399,32985.10406,23131.25366,45464.82917,0,1575,2709.84992,0,0,0,1305,4,32
140,15.193,85277.815,3.457,0.038,11.06090134,4,44214.15165,40226.33275,36267.23194,12084.38269,17711.73116,44912.46129,71265.81726,23583.70426,41184.83855,61556.17074,64405.08013,26472.14955,18737.085,61408.44656,40180.59025,-851.4942198,65768.99353,21639.46684,50438.62408,64114.6478,51596.18791,1045.347997,29487.65174,23232.70705,23034.57902,53183.15698,32989.62002,23118.50967,45504.76999,0,5940,18611.46712,13140,0,23202,14368.75508,2,34
141,14.821,85242.828,4.376,0.043,7.145299145,4,10606.39163,5809.174758,1604.306568,4402.15281,0,2170.048304,0,20893.82309,23409.824,3485.022162,6385.017998,0,611.7868084,0,2635.60699,3574.688445,0,0,0,0,11058.39909,33182.46421,73014.65834,0,14011.83667,15388.80915,0,13772.0673,37665.30151,139.7133782,2367,13892.99162,11018.27834,3892.850427,19411.34716,9424.421223,10,26
142,15.622,84664.629,5.62,0.276,8.175487465,2,47926.28553,51539.42679,11100.13795,6473.213808,3574.932922,19074.8043,46065.16758,3573.806924,635.3971754,22667.49368,71214.24741,0,28842.75703,0,19247.75766,278.5088975,0,17273.24068,31043.19613,4751.487464,10378.23915,20126.74354,10719.474,14787.96462,20404.22757,21646.17074,32210.94856,27652.27356,28599.67924,10962.36772,11489.85852,39291.93729,9063,15813,27837.97343,14272.28196,3,33
143,#N/A,88855.5,4.455,0.065,0,4,0,0,0,0,0,0,0,0,0,0,0,0,0,0,0,0,0,0,0,0,0,50.61774535,972.1026679,0,0,422.7342086,374.9274654,91.15842438,0,0,0,397.1646499,0,416.0958631,101.0792355,1135.643536,27,9
144,14.729,85672.625,4.379,0.05,1.742771685,4,78682.83093,91344.75189,55954.63922,49836.18434,3575.615262,46653.32878,0,23183.86943,64605.60062,10640.57819,81543.92029,0,55125.13048,32919.69848,12475.63901,0,8023.330945,0,0,30837.80773,8304.367989,12653.04002,31683.03181,14138.12958,31227.97004,62821.2193,4250,52954.6545,71729.09982,5598.987825,0,30349.10262,26857.33526,15349.14957,52957.65283,65939.40177,6,30
145,15.646,84871.394,5.681,0.268,8.364452424,2,96818.54333,122916.4282,68193.20488,15105.56531,10728.21046,70635.03606,122056.0899,80029.03301,94696.8089,103362.7815,147392.7072,0,116877.8931,45738.80747,114716.9386,0,0,114700.2891,120963.468,2370.827406,34844.997,65776.64216,43252.32749,69327.87837,58607.51907,68850.35023,80075.79808,77185.16306,68090.93889,24269.5299,7076.646929,89814.74499,14135.6703,7526.539588,21231.26005,35082,3,33
146,14.499,83662.86,4.622,0.052,5.593704246,4,15465.39429,0,0,7184.914428,7149.865844,6172.103473,0,0,74.60881758,0,173.6396626,0,0,2898.965116,3200.602601,6238.47235,1798.543157,3604.472266,8943.09756,37766.48211,11627.43494,8336.904398,68031.67779,5584.978659,11214.63109,21607.91267,7775,14466.34359,44762.28333,7415.790335,27194.42597,16752.08111,18986.85928,4607.621155,15065.56452,40400.14814,7,29
147,14.562,85187.438,4.274,0.072,6.747185261,4,7221.756872,0,15682.19069,0,10760.8493,7939.808656,8874.319809,7178.49316,11557.94397,29358.29359,13400.49661,4458.316189,15279.4944,0,3148.539084,8688.194328,1697.265824,8778.467887,25895.99961,0,9491.230408,13390.30193,27868.33105,3125.024151,1950,22457.84583,12655.17167,9626.67393,29105.13581,14801.56789,11586.74417,16855.92388,13317.26438,5029.3097,8408.522528,41250.05905,4,32
148,14.536,85165.714,4.064,0.077,9.489971347,4,6956.758541,7177.29079,0,7181.162093,8501.681023,39462.29703,11075.48699,0,2771.247349,22518.66709,2761.126571,1728.778872,640.9086688,0,3590.577458,4537.461113,4468.976911,12638.0341,6779.575632,7475.846341,7415.22997,5873.489348,23233.43982,33457.57283,2750,19466.90787,3569.779639,22502.7851,27396.07976,1194.226351,30630.64795,6688.243547,14215.60785,6423.477423,10703.82752,16772.54391,3,33
149,14.407,82419.273,4.611,0.063,5.591783217,4,3592.17162,0,20119.23537,10783.66453,0,0,5274.456716,6186.774456,2636.784458,8063.387788,4459.908341,0,12494.67757,0,6236.310702,0,4462.12843,16795.6549,14050.14372,25995.58151,20109.93717,15448.42593,36678.10466,10757.68699,7535.368976,18465.14314,7675.121172,7221.902072,22135.44874,13381.09753,9345.574103,12252.05802,15294.14071,8453.495713,9547.356326,26676.24,6,30
150,15.73,86207.25,5.157,0.259,6.975473802,2,10838.84558,22186.24833,14548.06551,8772.603387,0,27993.48959,29612.32571,10663.79277,15256.71966,15260.46337,31596.4818,4389.48897,10743.59314,30644.92832,18782.69036,0,7145.453567,21569.88289,19740.85548,12475.27766,23826.31789,24672.07119,28048.24653,21065.48578,26880.15309,30503.47903,34205.15309,35285.83866,28181.27887,11364.30034,7299.494549,32373.70066,20290.4116,9589.918532,2985.224646,4048.458122,2,34
151,15.168,85089,3.862,0.106,0,4,2499.942814,1462.611309,0,138.8097054,0,0,0,2789.227215,5867.684938,0,0,0,0,0,0,0,0,0,0,0,0,993.4551472,2364.370925,0,0,7.050333782,0,301.619702,0,55.55890937,0,0,0,0,583.8754988,680.7642833,24,12
152,16.039,84907.529,4.823,0.256,2.964224872,2,0,0,0,7180.178107,14301.09637,23578.4483,8898.547475,0,0,0,0,0,0,0,15655.67952,0,2608.509429,12566.39843,3493.828738,15867.68295,17114.55758,18166.87152,5022.398194,16608.21997,23280.14691,25193.7843,20955.82786,22858.58178,18763.81594,9270.041419,10477.02859,9137.213978,5629.4018,13520.38071,5148,12627,11,25
153,14.669,85148.167,4.351,0.079,4.840554593,4,54488.43834,25188.11049,52426.80009,21566.87021,27430.37686,72566.0994,110807.1444,37928.2779,75219.00913,28179.28508,58449.98183,4364.574493,48723.87667,18155.39636,58498.56033,0,42972.39267,38968.84453,59810.94693,16225.74272,47897.6898,20712.25015,63949.2155,36444.99376,42428.8901,73157.68292,14828.25054,69370.05297,86068.5676,24832.8733,55050.27098,51877.97721,42948.39141,14472,25605.86676,36804.6723,1,35
154,15.517,83821.947,6.078,0.293,12.09515997,2,14369.76994,0,16362.22106,1987.90086,12466.13167,50734.44798,12231.66461,7102.404985,17886.53526,12441.08542,21488.49396,0,2576.990043,848.6329118,40750.80583,3918.924994,9726.33033,22780.04325,12856.31788,9722.977686,18570.30982,20031.66303,18197.72171,9816.293558,16094.85309,35595.18399,9907.538114,24437.84289,18187.82816,4874.6288,6082.03492,2308.909394,1910.274385,8084.24989,2684.077266,5040.446305,2,34
155,14.526,83680.28,4.598,0.1,4.774273346,4,36185.30167,56394.10414,87890.94212,25197.18706,7152.595203,82654.78349,104825.5449,68758.75127,104847.3088,29623.22707,63096.81613,38453.3342,52522.73764,86897.35727,104678.1983,0,47575.24925,51291.0337,103447.883,13008.90592,97834.42189,41939.01874,77917.32558,32606.68618,39371.1099,91477.64977,36704.51532,84436.30937,108369.3363,45733.20121,66349.60507,64644.39961,42952.19927,28149.67722,35875.35178,89200.54809,1,35
156,14.425,87789.371,4.074,0.117,6.857754927,4,18030.66809,22729.48789,35957.9811,3575.638867,14358.50252,10713.59629,70877.43675,1697.265824,39306.88484,15317.92087,459.7227362,22270.88418,1353.899813,26024.95617,8404.590606,0,1697.265824,42000.16973,23710.71408,0,19693.17736,32067.44029,62984.85402,19546.93407,1091.148267,22381.59557,15842.23414,22942.35594,41553.57601,6712.29475,137.7318114,4738.818673,12457.50714,10870.75513,3631.345277,33586.96549,2,34
157,14.266,86877.677,4.504,0.104,6.70177268,4,8277.08119,52474.02448,3216.890199,7041.669651,16296.20661,848.6479197,21568.79714,12989.91038,33534.89226,16824.72399,6769.492073,15104.48111,0,9028.209644,14203.49563,0,1759.876517,14034.8064,8548.42466,6040.716953,6822.537783,40785.07844,75451.83187,15530.69781,6233.851733,39698.97491,11575,24953.956,29280.76405,12535.23798,10305,7316.728894,12349.02995,11187,5473.124501,25392.50473,2,34
158,15.247,84510.19,6.179,0.306,10.6369637,2,0,4766.038651,8808.089128,0,5443.331837,12200.51942,14576.86931,832.6320029,832.6742782,832.6742782,832.6742782,0,0,0,16168.4483,1346.280519,848.6329118,6470.193163,4884.588228,2828.838889,10263.81163,10154.10994,19589.49426,1979.567163,4974.378691,17411.11129,3532.885761,10283.12601,6515.949812,1648.984855,6953.811269,4990.453158,3318.725615,7564.369397,2435.63402,4976.553695,5,31
159,14.405,85072.355,4.368,0.076,5.5,4,14406.77544,41959.30484,29159.11324,0,6391.154229,8877.343005,41450.96437,13261.75145,34894.3693,5791.249396,11178.48565,0,24251.24692,34974.36448,13983.65605,0,7978.544256,28766.98272,19449.30739,19811.86204,20752.93236,46094.31113,53896.98167,18344.50256,0,54186.10974,22758.95627,21841.76052,41011.86578,16421.62183,24128.83848,19265.72961,22490.97549,11503.03417,13712.87036,31761.28214,4,32
160,16.589,80439.5,3.754,0.045,4.408057851,5,3116.610759,0,0,3574.750316,0,0,0,0,0,0,0,0,3526.35015,0,0,0,0,0,0,0,0,0,2223.863303,0,0,2350,0,5533.536534,0,0,0,0,1314,0,0,3033,28,8
161,15.082,82625.5,5.569,0.293,4.887619048,3,44.35614979,15574.75331,7181.952873,6295.047349,3576.297602,19307.26757,19270.91056,10883.07216,0,7287.187905,7961.196225,5531.622093,0,0,18211.99446,0,2078.163046,13993.14395,10099.33848,10019.02006,18796.75762,13427.05606,42418.43017,8772.438739,13064.77082,26499.13752,19698.10463,16162.93035,23477.48034,5603.002246,10309.60793,5156.129304,1269.065834,6930.950958,2061.204238,8158.540888,4,32
162,14.557,85057,5.655,0.091,5.99408284,4,3592.376559,55544.68634,39564.26816,0,9420.398143,45024.6713,109442.3525,7357.805167,76797.30327,70922.88281,15219.3966,7073.512304,0,60166.36451,27894.07239,2636.126747,16476.64045,59748.15701,54216.96111,71716.26015,41120.64353,11280.63933,135702.8273,49583.25838,12733.85116,59090.81746,35874.89489,34113.70794,52734.05814,19409.62076,24275.44561,27479.96692,58082.68878,33355.57059,41086.15042,40541.77119,2,34
163,14.606,85038.071,5.019,0.154,4.064189189,4,8675.736229,8371.294349,33121.00239,8971.4348,162.7600555,28140.14444,61404.59169,10726.07187,32849.73211,38403.13857,33197.66827,23257.60998,6281.826327,34147.08182,70986.4706,848.6329117,41084.72425,32537.48341,37030.21078,33239.02196,40574.29781,18445.05116,53614.07426,48378.62932,41673.09882,72970.32395,50500.37664,29016.67639,53702.31208,12982.57703,26538.71591,21530.21688,29394.22324,33629.71463,33455.21059,40869.49856,0,36
164,14.691,85000.818,5.391,0.281,7.664932362,3,13516.93953,50322.27894,7176.111637,0,14369.52658,2206.60262,49794.06508,8762.230533,0,12238.5374,12434.39637,12271.31821,0,1728.520834,12824.06584,3537.374557,5467.3711,6580.215459,7425.430125,8602.072908,28740.53768,10594.7895,50078.91271,10630.47046,15560.85049,29547.78481,7855.643636,13965.50678,31359.38926,7467.615242,7926.109422,7210.991384,3528.035088,9197.806187,4572.633315,18222.80211,3,33
165,14.641,80644.568,6.127,0.298,11.54517611,3,15274.85602,29960.42044,0,0,3574.250582,0,64803.84301,13367.2122,0,22433.11533,26005.19104,12380.70191,0,6264.997278,28536.09354,0,0,0,1697.354315,12331.93357,38672.47602,26605.25,55634.57471,0,35275,55675,28975,20121.1841,29826.56187,4053.951917,16434,12870.68124,2915.29723,20250,2868.55712,16659,9,27
166,15.061,84851.483,5.343,0.247,6.745762712,3,7216.995738,30317.32629,39799.41465,21954.34809,9210.737693,37758.48061,91665.44188,1563.688024,16267.4109,22058.8674,16986.52802,0,0,31086.73244,23776.28723,0,3643.909971,25150.46549,21866.27532,25962.53555,10843.34504,14283.33856,55512.67858,35504.99179,18559.86486,54932.01825,30650.32031,27160.35234,39971.42316,11123.28554,13300.28265,22906.68627,30714.47066,5525.242856,25186.3141,30926.37261,3,33
167,16.421,80463.864,3.935,0.056,3.0433213,5,33284.75766,17978.17433,99960.53084,1415.078516,25432.79857,4461.546821,0,2171.142966,10735.13611,0,59153.39742,0,48944.23904,0,0,0,13397.67124,10499.8892,23110.36344,0,10288.61469,0,54542.61288,0,4375,29885.80073,70214.84533,0,48241.05544,19104.3664,0,5263.184523,38556.03645,33052.32529,12406.82487,61118.06241,11,25
168,14.607,80371.066,5.87,0.22,8.343514644,3,16564.84113,30810.63578,13424.21221,15833.93835,5125.102909,50345.3053,180619.4488,63794.48563,50002.88448,92997.73834,106930.9964,63497.71002,25049.9037,72027.99166,91643.66688,13423.14379,18614.08761,14157.6134,33065.32677,34405.83787,97249.25127,11906.54362,158065.3756,20921.93551,51808.18516,103290.5635,61215.45189,50814.16571,61963.23256,15954.87349,14103,17614.45458,26742.50333,35640.68061,22836.82122,19232.06485,0,36
169,16.246,80484.678,3.801,0.068,4.565603764,5,49830.95716,21579.28338,58337.5822,9375.1378,28521.52333,18672.9004,0,6715.721049,17895.62464,12431.00438,146769.8478,0,23965.8809,3538.055625,0,2636.700338,17077.77416,32703.25373,58272.39445,34976.48649,38486.39961,0,90361.13667,0,8525,83264.19927,58946.32074,0,64454.30991,13973.36001,0,13374.63337,71601.31841,60161.2226,35995.17513,38102.24547,7,29
170,16.168,80504.179,3.883,0.086,10.87089202,5,2817.489961,0,2461.348075,0,0,15124.3642,1364.368084,0,0,0,0,0,0,0,3394.531647,0,0,848.6053009,0,0,593.6965582,0,5934.219159,0,0,3952.330216,5835.856783,2613.535668,374.9898646,1241.645735,7865.761952,0,8159.950905,3471.386078,3430.72713,15003.62856,18,18
171,15.803,80524.5,3.906,0.108,7.558533145,5,0,10788.30563,26306.52865,0,0,0,12808.29547,0,2636.49469,4461.060172,0,0,0,0,5954.114607,0,0,11290.44214,7873.915456,0,593.7091003,3143,1608.432637,0,7150,31047.66978,12777.97714,25635.58747,6524.871066,3882.596098,2835.238048,13832.67474,10506.1814,5015.542677,15487.27287,39388.06356,13,23
172,15.535,84418.783,3.841,0.116,8.171717172,4,0,11900.8201,8323.385755,0,0,16187.47926,10017.60555,6524.222565,2636.620551,0,0,0,0,0,1805.5393,0,18755.64615,3565.132951,17250.27282,0,2671.822641,3170.524668,5514.36723,28625.74818,21069.56895,25202.61844,16301.13128,18650.02682,11554.1216,12748.08707,10791,9524.630836,12455.53066,10461.78785,3780,33064.74398,10,26
173,15.287,82272.942,4.281,0.132,7.929560506,4,7216.630116,20444.04202,16863.9907,7185.210808,17931.64039,35093.52474,40328.93779,13180.39444,8783.926969,9746.559103,0,0,2636.216293,0,14418.89162,0,7226.430126,21298.25791,24881.04706,3964.341086,3958.436773,10371.8208,33328.15745,0,17330.43105,53622.38156,29673.86872,28913.47369,43895.42141,18119.71926,5697.696237,26284.27679,33107.8438,36376.21704,41611.76752,54326.96018,5,31
174,15.143,80574.619,4.079,0.16,-0.543328748,4,0,36274.4648,37589.90458,3576.311707,7207.866489,41055.40223,50161.39552,4428.306097,51311.74933,27684.257,9074.403966,0,0,32320.81224,24617.67228,0,14132.80621,70064.72435,7902.051138,29369.65045,39921.18178,27992.90316,43945.93812,54624.77393,3225,49418.95252,21289.48989,23182.26507,35539.87789,7489.251481,26594.00829,43697.64204,44795.50007,50102.4512,55833.20923,45229.19098,4,32
175,15.215,80588.909,4.146,0.186,0,4,0,10761.68135,5555.311141,0,0,9893.219373,14439.55456,0,0,4420.565266,7901.672543,0,0,0,1697.265824,0,7231.637939,16918.40254,0,7006.740513,7089.121836,6020.501375,10040.14167,22585.19202,0,13331.04748,8360.510114,5206.474122,19558.60332,265.0902118,5598.295475,7515.890883,14785.84631,10987.54391,13651.02325,9480.104864,11,25
176,14.665,80628.895,5.013,0.218,1.739238411,3,131166.6656,67443.26175,133710.5034,65395.09883,36283.87668,82104.57095,227712.7549,143337.6833,144564.7988,233916.5676,198394.3475,155895.4074,44409.60176,169682.9223,149879.9494,7136.15919,136503.0087,188679.1137,165667.5591,80100.09175,109946.0606,69917.93283,204902.631,90552.06305,95723.55491,186504.7995,164189.4285,156618.4979,137802.5458,63253.78115,74477.24328,47587.10075,43906.42117,58729.98934,54901.58995,72947.46488,0,36
177,14.469,83609,5.267,0.256,3.888,3,99413.02958,32070.1904,3281.749129,20704.11463,25551.79623,33076.48383,130857.8463,102922.4951,65005.90838,128034.7877,122570.1448,101179.7523,26044.41071,92621.53989,91189.45299,34938.16065,56391.54847,111400.4055,76577.008,34157.46077,34373.50173,68093.61383,112248.7669,100501.2439,41719.93742,103067.5993,105620.7876,76962.49031,97397.39979,39062.39789,38979.50823,30625.88581,19140.04386,22465.33138,14716.47963,20330.59775,0,36
178,14.369,80665.727,5.415,0.293,3.676753783,3,108178.3076,92044.91744,34601.12761,2402.540251,43767.42235,40533.74457,146196.6045,139481.812,74082.35817,145802.6427,194782.26,126260.2036,71701.56159,125792.6094,133564.3177,22492.35797,107593.7594,154724.3308,134196.8545,49217.7604,84190.12734,48068.01545,182302.1854,141954.9049,125780.8289,177824.5573,109198.8598,113679.838,130358.0234,57557.43571,59603.78546,35282.43883,19411.7649,33846.20954,22668.40114,45210.48434,0,36
179,14.125,80682.068,5.839,0.321,10.28296296,3,65141.82377,62443.17555,15563.77927,10654.75168,43562.45222,36879.21169,141306.6785,91368.06177,50029.69201,90400.61875,136088.8688,125851.3677,73969.51874,47409.80789,130528.3033,20281.63115,40168.0657,106800.4123,78388.24649,24487.29428,46185.02457,31644.12151,88184.51418,89772.97799,83207.86314,114651.9541,90412.77356,48029.33817,53744.01997,20265.55648,35762.27385,16582.58249,13459.97706,34783.99879,9627.794104,34864.4143,0,36
180,13.904,86530.921,5.891,0.357,10.47368421,3,3592.438261,46718.41071,0,0,0,0,15544.05939,848.6329118,0,1902.849353,0,1728.248269,0,1086.130404,31739.18441,0,1728.899791,6904.962418,3490.292034,8170.294169,14520.42596,12984.85534,30770.65942,22391.60204,7016.332735,30481.72247,8816.3483,14383.26022,20008.63397,21974.19489,21607.55856,15593.47867,11285.28401,20212.55218,9568.60323,23563.99285,8,28
181,13.813,87717.053,5.736,0.35,8.241538462,3,0,3573.911739,10396.22772,0,0,848.6746359,15392.91993,0,0,1554.418878,10149.61482,0,358.780319,2440.507387,15675.38489,0,0,3594.678557,4176.83394,15911.39641,13115.44973,19207.49938,16966.05964,4266.882578,14501.71537,24871.76709,11499.991,6926.62281,21902.01886,12775.85739,22931.76253,7635.19993,12725.89374,23362.7085,9477.602667,20881.71544,8,28
182,14.073,80685.65,4.324,0.321,3.376190476,3,11296.18013,25775.71354,11009.92314,17962.16498,3573.568243,19695.06206,75304.6031,8142.688131,18800.53324,45943.62438,51455.80035,17926.77391,29369.92427,29519.47705,29226.2197,9442.910748,848.6329118,10428.17693,7230.435426,9455.468493,23039.84045,9688.526629,20113.73014,4957.707853,2648.284627,28214.65297,19851.40115,7734.287412,28334.79078,12504.04189,17972.39458,7862.615992,5226.206558,14137.12955,4461.388116,14872.79225,0,36
183,13.873,80249.281,5.528,0.321,13.76208897,3,35688.8545,36095.85737,7558.422681,7180.897313,0,0,50232.25063,0,3575.791521,25930.75649,36671.91277,18763.27548,16061.65175,18772.26276,20145.82531,8873.873577,0,0,3574.962547,14882.14919,20803.93958,11076.33684,18471.85788,2294.68199,7000,23433.40161,11308.88634,8852.139139,19791.08759,1692.273317,6354,1901.725711,4617,5115.913607,792,11357.00796,5,31
184,14.103,80457.707,4.364,0.285,6.069000507,3,17999.15095,64376.89938,3320.679246,0,20618.741,3526.118836,225868.8204,23651.74456,7064.146571,62595.65981,67984.47193,27542.21309,9734.083933,25051.7086,44539.02313,4775.178239,11251.6981,11557.39119,41561.5961,11193.81977,68702.89355,9355.203286,67726.87381,4164.744546,24458.48617,63974.41661,33889.71251,19180.93334,70857.71952,18389.31029,46965.68062,20932.17802,28759.6459,39544.20599,17431.17032,67076.43521,1,35
185,15.041,80801.647,3.682,0.245,0,3,10838.73235,0,0,1022.449745,0,0,0,3503.755001,0,5555.547217,20635.24464,0,0,0,0,0,1727.945826,0,6204.020809,0,17737.19235,0,7947.466059,0,0,0,0,92.63915177,0,0,0,0,0,0,0,34228.60864,25,11
186,14.646,80782.592,4.158,0.255,6.279912184,3,0,62748.60757,0,28470.50064,3574.250582,35563.73403,41932.83526,9770.766804,19685.53675,42291.20625,14693.75463,1697.265824,0,4441.523095,0,4334.217067,0,30685.95759,2576.942899,0,11748.68483,441.5,16795.33878,1411.257724,41.51382777,11528.66809,2075,2334.228335,11927.77714,1662.852115,8100,921.2305324,5118.965982,6078.880092,6098.061053,13862.27145,6,30
187,13.828,#N/A,5.621,0.223,14.46059365,3,10847.84051,24557.12901,7183.996997,0,0,0,40415.0757,16032.65235,20643.77771,30506.94667,36864.26868,30563.51971,8065.377908,1728.506307,31249.61927,848.6329118,5273.560813,0,3539.596906,0,14794.28833,1209.095909,12909.36611,0,6600,2255.811204,14525,3620.74047,11625.45065,793.7722422,522.3891085,435.9887752,0,0,819.3147696,2925,8,28
188,14.239,#N/A,4.642,0.231,5.990196078,3,3592.391532,10785.85978,7181.54349,17270.98111,3574.932922,6267.100173,32974.67191,7933.602034,0,9494.815213,11668.26783,0,0,0,0,9581.363684,0,15401.86105,1697.322452,0,12041.46184,5543.113733,14375.64614,3372.898873,4642.212399,318.2851176,2475,4355.517337,5958.588978,4595.414972,5066.257684,8894.432328,1818.634725,0,5408.896906,14875.8967,8,28
189,16.299,84827.714,5.324,0.283,2.49382716,2,4014.452197,7142.590629,5107.85677,4012.56423,0,23588.70794,19167.17522,0,0,1264.212764,7869.691573,0,4154.597307,0,5191.605164,2595.316998,0,16750.31529,27280.25186,0,11019.19766,31196.03723,5189.186706,2275.321999,16723.19747,21325.53703,26716.87276,39689.73573,43523.74624,5236.238575,0,21049.81693,8546.544071,0,13768.28406,12372.50821,9,27
190,13.834,80198.182,5.841,0.268,18.84416826,3,7184.893204,0,0,7761.782645,0,8040.611425,47984.21764,7987.463008,27396.60132,64459.42736,50993.20242,15133.47642,8954.462636,58724.10135,48170.76166,8894.714746,16033.5464,2643.454768,2637.11215,7542.676459,13278.91857,73.75,6688.343526,4364.313233,900.0000001,33412.14852,21315.03936,3789.121411,8800.430327,5182.342819,4774.071665,3222.150281,0,1323,770.5262451,2475,4,32
191,15.86,83997.154,6.497,0.3,7.534398034,1,51272.9057,0,0,0,0,0,0,0,0,0,0,0,0,0,0,0,0,0,0,0,0,0,0,0,0,0,0,0,0,0,0,0,0,0,0,0,35,1
192,15.732,81716.625,6.557,0.306,6.58560794,2,196518.5818,0,17988.46866,0,0,0,0,0,0,0,0,0,0,0,0,0,0,0,0,0,0,0,0,0,0,0,0,0,0,0,0,0,0,0,0,0,34,2
193,15.677,81716,6.627,0.304,7.054499366,2,314596.1361,35774.65981,230372.6708,0,0,0,0,0,0,0,0,0,0,0,0,0,0,0,3047.014133,0,0,0,0,0,0,0,0,0,0,0,0,0,0,0,0,0,32,4
194,15.686,81716,6.679,0.315,10.91446541,2,214256.9301,124353.6045,45028.29787,0,0,0,0,0,0,0,0,0,0,0,0,0,0,0,0,0,0,0,0,0,0,0,0,0,0,0,0,0,0,0,0,0,33,3
195,16.31,84574,6.149,0.258,7.032679739,1,2398.512292,0,0,0,0,0,0,0,0,0,0,0,0,0,0,0,0,0,0,0,0,0,0,0,0,0,0,0,0,0,0,0,0,0,0,0,35,1
196,15.684,84719.182,6.664,0.324,11.72131148,2,0,91.58793711,0,0,0,0,0,0,0,0,0,0,0,0,0,0,0,0,0,0,0,0,0,0,0,0,0,0,0,0,0,0,0,0,0,0,35,1
197,15.704,81716,6.61,0.311,7.458,2,16786.63171,0,0,0,0,0,0,0,0,0,0,0,0,0,0,0,0,0,0,0,0,0,0,0,0,0,0,0,0,0,0,0,0,0,0,0,35,1
198,15.872,83322.542,6.557,0.309,7.835784314,1,62878.00017,0,0,0,0,0,0,0,0,0,0,0,0,0,0,0,0,0,0,0,0,0,0,0,0,0,0,0,0,0,0,0,0,0,0,0,35,1
199,16.461,83300.733,5.865,0.258,4.386666667,1,0,0,0,0,0,0,0,0,0,0,0,0,0,0,0,0,0,0,0,0,0,0,0,0,0,0,0,0,0,0,0,0,0,0,0,0,0,0
200,16.431,81726.273,5.784,0.249,3.656509695,1,0,0,0,0,0,0,0,0,0,0,0,0,0,0,0,0,0,0,0,0,0,0,0,0,0,0,0,0,0,0,0,0,0,0,0,0,0,0
201,16.492,83872.818,6.044,0.262,3.457219251,1,0,0,0,0,0,0,0,0,0,0,0,0,0,0,0,0,0,0,0,0,0,0,0,0,0,0,0,0,0,0,0,0,0,0,0,0,0,0
202,16.408,84574,5.825,0.243,4.111908178,1,0,0,0,0,0,0,0,0,0,0,0,0,0,0,0,0,0,0,0,0,0,0,0,0,0,0,0,0,0,0,0,0,0,0,0,0,0,0
203,16.679,82477.684,5.413,0.246,2.294017094,1,0,0,0,0,0,0,0,0,0,0,0,0,0,0,0,0,0,0,0,0,0,0,0,0,0,0,0,0,0,0,0,0,0,0,0,0,0,0
204,16.586,82162.35,5.451,0.256,1.782106782,1,0,0,0,0,0,0,0,0,0,0,0,0,0,0,0,0,0,0,0,0,0,0,0,0,0,0,0,0,0,0,0,0,0,0,0,0,0,0
205,16.483,84668,5.724,0.268,1.118435754,1,0,0,0,0,0,0,0,0,0,0,0,0,0,0,0,0,0,0,0,0,0,0,0,0,0,0,0,0,0,0,0,0,0,0,0,0,0,0
206,16.949,83593.176,5.103,0.246,1.032626427,1,0,0,0,0,0,0,0,0,0,0,0,0,0,0,0,0,0,0,0,0,0,0,0,0,0,0,0,0,0,0,0,0,0,0,0,0,0,0
207,16.904,81857.318,5.174,0.252,0.42027027,1,0,0,0,0,0,0,0,0,0,0,0,0,0,0,0,0,0,0,0,0,0,0,0,0,0,0,0,0,0,0,0,0,0,0,0,0,0,0
208,15.337,84769.917,6.605,0.343,14.81234568,2,0,0,0,0,0,0,0,0,0,0,0,0,0,0,0,0,0,0,0,0,0,0,0,0,0,0,0,0,0,0,0,0,0,0,0,0,0,0
209,14.036,80246.765,6.128,0.271,15.3078203,3,0,0,0,0,0,0,0,0,0,0,0,0,0,0,0,0,0,0,0,0,0,0,0,0,0,0,0,0,0,0,0,0,0,0,0,0,0,0
210,14.18,80258,6.527,0.32,12.56395349,3,0,0,0,0,0,0,0,0,0,0,0,0,0,0,0,0,0,0,0,0,0,0,0,0,0,0,0,0,0,0,0,0,0,0,0,0,0,0
211,14.225,80258,6.512,0.318,12.74035088,3,0,0,0,0,0,0,0,0,0,0,0,0,0,0,0,0,0,0,0,0,0,0,0,0,0,0,0,0,0,0,0,0,0,0,0,0,0,0
212,14.29,80468.643,6.498,0.324,15.4106383,3,0,0,0,0,0,0,0,0,0,0,0,0,0,0,0,0,0,0,0,0,0,0,0,0,0,0,0,0,0,0,0,0,0,0,0,0,0,0
213,14.183,80672,6.385,0.32,15.3426087,3,0,0,0,0,0,0,0,0,0,0,0,0,0,0,0,0,0,0,0,0,0,0,0,0,0,0,0,0,0,0,0,0,0,0,0,0,0,0
214,16.17,84604.875,6.327,0.27,7.024523161,1,0,0,0,0,0,0,0,0,0,0,0,0,0,0,0,0,0,0,0,0,0,0,0,0,0,0,0,0,0,0,0,0,0,0,0,0,0,0
215,17.285,84592.632,5.062,0.245,0,1,0,0,0,0,0,0,0,0,0,0,0,0,0,0,0,0,0,0,0,0,0,0,0,0,0,0,0,0,0,0,0,0,0,0,0,0,0,0
216,17.334,83727.538,4.674,0.246,0,1,0,0,0,0,0,0,0,0,0,0,0,0,0,0,0,0,0,0,0,0,0,0,0,0,0,0,0,0,0,0,0,0,0,0,0,0,0,0
217,17.303,84106.955,4.783,0.253,0,1,0,0,0,0,0,0,0,0,0,0,0,0,0,0,0,0,0,0,0,0,0,0,0,0,0,0,0,0,0,0,0,0,0,0,0,0,0,0
218,16.988,84667.071,5.098,0.27,0,1,0,0,0,0,0,0,0,0,0,0,0,0,0,0,0,0,0,0,0,0,0,0,0,0,0,0,0,0,0,0,0,0,0,0,0,0,0,0
219,15.334,84752.385,6.684,0.337,17.87410072,2,0,0,0,0,0,0,0,0,0,0,0,0,0,0,0,0,0,0,0,0,0,0,0,0,0,0,0,0,0,0,0,0,0,0,0,0,0,0
220,14.101,80244,6.227,0.292,12.98897638,3,0,0,0,0,0,0,0,0,0,0,0,0,0,0,0,0,0,0,0,0,0,0,0,0,0,0,0,0,0,0,0,0,0,0,0,0,0,0
221,14.297,80258,6.481,0.315,16.29641694,3,0,0,0,0,0,0,0,0,0,0,0,0,0,0,0,0,0,0,0,0,0,0,0,0,0,0,0,0,0,0,0,0,0,0,0,0,0,0
222,14.188,80575.087,6.521,0.33,18.20080863,3,0,0,0,0,0,0,0,0,0,0,0,0,0,0,0,0,0,0,0,0,0,0,0,0,0,0,0,0,0,0,0,0,0,0,0,0,0,0
223,16.501,81906.813,5.602,0.246,2.822736031,1,0,0,0,0,0,0,0,0,0,0,0,0,0,0,0,0,0,0,0,0,0,0,0,0,0,0,0,0,0,0,0,0,0,0,0,0,0,0
224,16.498,82420.381,5.708,0.256,2.719242902,1,0,0,0,0,0,0,0,0,0,0,0,0,0,0,0,0,0,0,0,0,0,0,0,0,0,0,0,0,0,0,0,0,0,0,0,0,0,0
225,13.955,80625.462,5.942,0.258,12.54623656,3,0,0,0,0,0,0,0,0,0,0,0,0,0,0,0,0,0,0,0,0,0,0,0,0,0,0,0,0,0,0,0,0,0,0,0,0,0,0
226,15.686,84063.929,4.855,0.024,11.71456311,0,0,0,0,0,0,0,0,0,0,0,0,0,0,0,0,0,0,0,0,0,0,0,0,0,0,0,0,0,0,0,0,0,0,0,0,0,0,0
227,14.934,87993.95,4.432,0.04,8.357698289,0,0,0,0,0,0,0,0,0,0,0,0,0,0,0,0,0,0,0,0,0,0,0,0,0,0,0,0,0,0,0,0,0,0,0,0,0,0,0
228,NA,84501.8,3.394,0.056,0,0,0,0,0,0,0,0,0,0,0,0,0,0,0,0,0,0,0,0,0,0,0,0,0,0,0,0,0,0,0,0,0,0,0,0,0,0,0,0
229,NA,80349,3.628,0.027,8.193069307,0,0,0,0,0,0,0,0,0,0,0,0,0,0,0,0,0,0,0,0,0,0,0,0,0,0,0,0,0,0,0,0,0,0,0,0,0,0,0
230,NA,80367.25,3.643,0.029,5.783783784,0,0,0,0,0,0,0,0,0,0,0,0,0,0,0,0,0,0,0,0,0,0,0,0,0,0,0,0,0,0,0,0,0,0,0,0,0,0,0
231,17.257,80385.111,3.646,0.03,3.6875,0,0,0,0,0,0,0,0,0,0,0,0,0,0,0,0,0,0,0,0,0,0,0,0,0,0,0,0,0,0,0,0,0,0,0,0,0,0,0
232,16.512,82127.692,3.435,0.035,5.805369128,0,0,0,0,0,0,0,0,0,0,0,0,0,0,0,0,0,0,0,0,0,0,0,0,0,0,0,0,0,0,0,0,0,0,0,0,0,0,0
233,16.395,80418.667,3.275,0.041,7.465986395,0,0,0,0,0,0,0,0,0,0,0,0,0,0,0,0,0,0,0,0,0,0,0,0,0,0,0,0,0,0,0,0,0,0,0,0,0,0,0
234,NA,80450.833,3.676,0.048,0,5,0,0,0,0,0,0,0,0,0,0,0,0,0,0,0,0,0,0,0,0,0,0,0,0,0,0,0,0,0,0,0,0,0,0,0,0,0,0
235,13.737,80175.882,6.299,0.309,10.58747698,0,0,0,0,0,0,0,0,0,0,0,0,0,0,0,0,0,0,0,0,0,0,0,0,0,0,0,0,0,0,0,0,0,0,0,0,0,0,0
236,16.133,84602.909,6.363,0.276,7.87483531,1,0,0,0,0,0,0,0,0,0,0,0,0,0,0,0,0,0,0,0,0,0,0,0,0,0,0,0,0,0,0,0,0,0,0,0,0,0,0
237,16.043,84604.286,6.419,0.283,8.459688826,1,0,0,0,0,0,0,0,0,0,0,0,0,0,0,0,0,0,0,0,0,0,0,0,0,0,0,0,0,0,0,0,0,0,0,0,0,0,0
238,NA,84574,NA,0.263,7.1015625,1,0,0,0,0,0,0,0,0,0,0,0,0,0,0,0,0,0,0,0,0,0,0,0,0,0,0,0,0,0,0,0,0,0,0,0,0,0,0
